epoch,time,train/box_loss,train/pose_loss,train/kobj_loss,train/cls_loss,train/dfl_loss,train/rle_loss,metrics/precision(B),metrics/recall(B),metrics/mAP50(B),metrics/mAP50-95(B),metrics/precision(P),metrics/recall(P),metrics/mAP50(P),metrics/mAP50-95(P),val/box_loss,val/pose_loss,val/kobj_loss,val/cls_loss,val/dfl_loss,val/rle_loss,lr/pg0,lr/pg1,lr/pg2,lr/pg3,lr/pg4,lr/pg5,lr/pg6,lr/pg7
1,428.47,3.38409,9.80493,0.71617,5.0306,0.04674,36.2815,0.19212,0.1579,0.08806,0.02465,0.00763,0.00756,0.00032,6e-05,2.29258,9.18022,0.73029,3.22646,0.04264,0,0.00997743,0.00332581,0.00997743,0.00332581,0.00997743,0.00332581,0.00997743,0.00332581
2,839.992,2.00543,7.63223,0.63902,2.49405,0.02491,11.2852,0.56107,0.47613,0.50723,0.22188,0.36079,0.24654,0.17566,0.04146,1.79387,6.13566,0.52484,1.97169,0.03087,0,0.019928,0.00664266,0.019928,0.00664266,0.019928,0.00664266,0.019928,0.00664266
3,1251,1.73545,6.20947,0.50643,1.89721,0.02031,9.07695,0.63699,0.55388,0.60756,0.30652,0.45936,0.34194,0.29028,0.08552,1.65897,5.44447,0.44065,1.64198,0.02703,0,0.029829,0.00994301,0.029829,0.00994301,0.029829,0.00994301,0.029829,0.00994301
4,1662.11,1.60669,5.51173,0.44283,1.63756,0.01827,7.65042,0.7182,0.62351,0.70221,0.39605,0.62285,0.46788,0.46899,0.16979,1.53006,4.60872,0.40743,1.3606,0.02444,0,0.0297773,0.00992575,0.0297773,0.00992575,0.0297773,0.00992575,0.0297773,0.00992575
5,2074.07,1.51279,5.02449,0.41321,1.48277,0.01691,6.56665,0.76246,0.64481,0.74848,0.45291,0.69221,0.51304,0.54221,0.22583,1.41286,4.18049,0.39426,1.19457,0.02214,0,0.029703,0.009901,0.029703,0.009901,0.029703,0.009901,0.029703,0.009901
6,2485.02,1.46,4.72734,0.39742,1.40051,0.01629,6.06934,0.77106,0.65376,0.75966,0.4665,0.70541,0.54377,0.57691,0.25691,1.36533,3.92822,0.38012,1.16876,0.02114,0,0.0296288,0.00987625,0.0296288,0.00987625,0.0296288,0.00987625,0.0296288,0.00987625
7,2895.78,1.42125,4.51113,0.38745,1.33963,0.01567,5.67845,0.77766,0.68482,0.77829,0.49371,0.72046,0.57617,0.60813,0.29235,1.33035,3.72966,0.37328,1.08982,0.02039,0,0.0295545,0.0098515,0.0295545,0.0098515,0.0295545,0.0098515,0.0295545,0.0098515
8,3306.75,1.39215,4.35129,0.37912,1.30024,0.01526,5.34197,0.78114,0.69731,0.7895,0.51074,0.73994,0.608,0.64385,0.32323,1.27611,3.52548,0.36489,1.05515,0.01907,0,0.0294802,0.00982675,0.0294802,0.00982675,0.0294802,0.00982675,0.0294802,0.00982675
9,3717.57,1.37034,4.21665,0.37367,1.2657,0.01486,5.0801,0.80313,0.7056,0.81033,0.52925,0.75388,0.6102,0.65807,0.33977,1.24948,3.40321,0.35582,1.00499,0.01883,0,0.029406,0.009802,0.029406,0.009802,0.029406,0.009802,0.029406,0.009802
10,4129.29,1.35346,4.10984,0.36789,1.23766,0.0147,4.87337,0.8175,0.71269,0.81748,0.53853,0.75964,0.63051,0.67175,0.35268,1.23144,3.32628,0.35336,0.97036,0.01803,0,0.0293318,0.00977725,0.0293318,0.00977725,0.0293318,0.00977725,0.0293318,0.00977725
11,4539.81,1.33759,4.03437,0.36413,1.21496,0.01447,4.70744,0.81255,0.7261,0.82284,0.55059,0.76119,0.64983,0.69176,0.37605,1.2087,3.18711,0.34901,0.93615,0.01783,0,0.0292575,0.0097525,0.0292575,0.0097525,0.0292575,0.0097525,0.0292575,0.0097525
12,4950.49,1.32353,3.93251,0.36035,1.19536,0.01426,4.54047,0.80578,0.7363,0.82708,0.5595,0.78799,0.63917,0.70264,0.39193,1.19445,3.10618,0.34353,0.91889,0.01745,0,0.0291833,0.00972775,0.0291833,0.00972775,0.0291833,0.00972775,0.0291833,0.00972775
13,5361.28,1.313,3.86907,0.35787,1.17656,0.01415,4.38068,0.80493,0.74433,0.83513,0.56372,0.78789,0.65176,0.70655,0.4016,1.19597,3.0384,0.34271,0.89618,0.01759,0,0.029109,0.009703,0.029109,0.009703,0.029109,0.009703,0.029109,0.009703
14,5771.64,1.30583,3.82084,0.35562,1.16625,0.01403,4.25733,0.80605,0.74874,0.83897,0.57476,0.80019,0.662,0.71942,0.41424,1.16965,2.96319,0.3381,0.87638,0.01709,0,0.0290348,0.00967825,0.0290348,0.00967825,0.0290348,0.00967825,0.0290348,0.00967825
15,6182.25,1.29537,3.76943,0.35208,1.15598,0.01385,4.15118,0.8235,0.73929,0.84297,0.57861,0.79267,0.67113,0.72645,0.42815,1.15539,2.88947,0.3364,0.86944,0.01668,0,0.0289605,0.0096535,0.0289605,0.0096535,0.0289605,0.0096535,0.0289605,0.0096535
16,6593.82,1.29086,3.72656,0.35036,1.14074,0.01373,4.05411,0.81234,0.7659,0.85206,0.58982,0.80497,0.67491,0.73817,0.43913,1.14966,2.84188,0.33169,0.83192,0.01657,0,0.0288862,0.00962875,0.0288862,0.00962875,0.0288862,0.00962875,0.0288862,0.00962875
17,7004.31,1.28158,3.68436,0.34806,1.13134,0.01364,3.97761,0.81109,0.76165,0.84905,0.59256,0.79158,0.69002,0.74193,0.44785,1.11949,2.7739,0.33068,0.84328,0.01601,0,0.028812,0.009604,0.028812,0.009604,0.028812,0.009604,0.028812,0.009604
18,7415.02,1.27525,3.6355,0.34648,1.11742,0.01355,3.8649,0.81112,0.77944,0.85578,0.59998,0.791,0.70131,0.7495,0.45361,1.10865,2.74874,0.32842,0.83473,0.0158,0,0.0287377,0.00957925,0.0287377,0.00957925,0.0287377,0.00957925,0.0287377,0.00957925
19,7825.52,1.26774,3.62285,0.34521,1.11547,0.01352,3.80347,0.82602,0.76763,0.85793,0.60453,0.79971,0.70403,0.75961,0.46389,1.09658,2.67218,0.32672,0.81477,0.01565,0,0.0286635,0.0095545,0.0286635,0.0095545,0.0286635,0.0095545,0.0286635,0.0095545
20,8236.08,1.26142,3.57681,0.3426,1.10825,0.01344,3.72996,0.83451,0.77078,0.86201,0.61223,0.81085,0.70497,0.76251,0.46872,1.08108,2.62939,0.32262,0.79908,0.01542,0,0.0285893,0.00952975,0.0285893,0.00952975,0.0285893,0.00952975,0.0285893,0.00952975
21,8646.14,1.25712,3.54002,0.34134,1.0983,0.01335,3.68039,0.83321,0.77188,0.86522,0.61655,0.80697,0.71541,0.7673,0.47974,1.07657,2.61234,0.32209,0.78853,0.01526,0,0.028515,0.009505,0.028515,0.009505,0.028515,0.009505,0.028515,0.009505
22,9057.03,1.25303,3.53003,0.34091,1.09773,0.01331,3.62416,0.83555,0.77109,0.86789,0.62187,0.81782,0.71379,0.77143,0.4845,1.06605,2.56969,0.32076,0.7776,0.01508,0,0.0284408,0.00948025,0.0284408,0.00948025,0.0284408,0.00948025,0.0284408,0.00948025
23,9468.96,1.24872,3.501,0.34008,1.09044,0.01325,3.5707,0.83799,0.7703,0.8699,0.6241,0.80671,0.7182,0.77307,0.48954,1.05973,2.52018,0.31938,0.77056,0.01495,0,0.0283665,0.0094555,0.0283665,0.0094555,0.0283665,0.0094555,0.0283665,0.0094555
24,9879.56,1.24695,3.48485,0.33961,1.0882,0.01318,3.52089,0.83521,0.78542,0.87159,0.62546,0.80316,0.72265,0.77376,0.49345,1.05097,2.50462,0.31823,0.76776,0.01481,0,0.0282922,0.00943075,0.0282922,0.00943075,0.0282922,0.00943075,0.0282922,0.00943075
25,10289.9,1.24069,3.46436,0.33739,1.08033,0.01315,3.48369,0.83871,0.7826,0.87388,0.62936,0.81173,0.72491,0.77757,0.49831,1.05009,2.46119,0.3163,0.75399,0.01477,0,0.028218,0.009406,0.028218,0.009406,0.028218,0.009406,0.028218,0.009406
26,10700.9,1.23942,3.44947,0.33712,1.07728,0.0131,3.44081,0.83802,0.7892,0.87626,0.63283,0.82382,0.72198,0.78468,0.50304,1.04285,2.42685,0.31527,0.74811,0.01463,0,0.0281437,0.00938125,0.0281437,0.00938125,0.0281437,0.00938125,0.0281437,0.00938125
27,11112.7,1.23534,3.42749,0.33608,1.0732,0.01296,3.39725,0.8464,0.78075,0.87635,0.63506,0.82193,0.73029,0.78827,0.50852,1.04268,2.41337,0.31521,0.74639,0.01464,0,0.0280695,0.0093565,0.0280695,0.0093565,0.0280695,0.0093565,0.0280695,0.0093565
28,11524.2,1.23579,3.41949,0.33568,1.06991,0.01302,3.34928,0.83492,0.79067,0.87722,0.63558,0.80698,0.73819,0.78952,0.51125,1.03726,2.3942,0.31308,0.74562,0.01449,0,0.0279952,0.00933175,0.0279952,0.00933175,0.0279952,0.00933175,0.0279952,0.00933175
29,11936,1.22857,3.38538,0.33419,1.06508,0.01293,3.32692,0.83151,0.79014,0.87657,0.63769,0.81499,0.72815,0.78621,0.51139,1.02731,2.39606,0.3113,0.74631,0.01435,0,0.027921,0.009307,0.027921,0.009307,0.027921,0.009307,0.027921,0.009307
30,12347.7,1.22698,3.37229,0.33404,1.05907,0.01286,3.27052,0.84491,0.78048,0.87887,0.64157,0.82907,0.72733,0.78855,0.51726,1.02275,2.3788,0.31168,0.73836,0.01427,0,0.0278467,0.00928225,0.0278467,0.00928225,0.0278467,0.00928225,0.0278467,0.00928225
31,12759.3,1.22898,3.36945,0.33359,1.05662,0.01302,3.25488,0.84561,0.78747,0.88064,0.64299,0.8357,0.73272,0.79367,0.52185,1.01915,2.34141,0.31083,0.72881,0.01419,0,0.0277725,0.0092575,0.0277725,0.0092575,0.0277725,0.0092575,0.0277725,0.0092575
32,13171.3,1.22073,3.34697,0.33155,1.05256,0.01285,3.1939,0.84261,0.79676,0.88294,0.6449,0.83068,0.73977,0.7981,0.52619,1.01556,2.32711,0.31115,0.72166,0.01412,0,0.0276982,0.00923275,0.0276982,0.00923275,0.0276982,0.00923275,0.0276982,0.00923275
33,13583,1.223,3.34347,0.332,1.04819,0.01282,3.18048,0.85249,0.78882,0.88418,0.64622,0.83522,0.73945,0.80012,0.52814,1.01022,2.32004,0.31023,0.72232,0.01403,0,0.027624,0.009208,0.027624,0.009208,0.027624,0.009208,0.027624,0.009208
34,13994,1.21916,3.3267,0.33133,1.0419,0.01284,3.13069,0.83704,0.807,0.88484,0.64845,0.84205,0.7319,0.79906,0.52798,1.00857,2.31089,0.30918,0.71704,0.014,0,0.0275497,0.00918325,0.0275497,0.00918325,0.0275497,0.00918325,0.0275497,0.00918325
35,14405.9,1.21496,3.30388,0.33039,1.04348,0.01278,3.12326,0.84327,0.80043,0.88481,0.64869,0.82848,0.74055,0.79892,0.52875,1.0038,2.30627,0.30966,0.72123,0.01393,0,0.0274755,0.0091585,0.0274755,0.0091585,0.0274755,0.0091585,0.0274755,0.0091585
36,14817.3,1.21751,3.29605,0.32998,1.03981,0.01277,3.11794,0.84939,0.79643,0.88462,0.64927,0.82793,0.73914,0.79871,0.52797,1.00163,2.29328,0.30836,0.71993,0.01393,0,0.0274012,0.00913375,0.0274012,0.00913375,0.0274012,0.00913375,0.0274012,0.00913375
37,15228.9,1.21179,3.28986,0.32946,1.03635,0.01269,3.08467,0.85267,0.79408,0.88535,0.6496,0.82618,0.74304,0.79963,0.52954,1.00141,2.28189,0.30836,0.71866,0.01392,0,0.027327,0.009109,0.027327,0.009109,0.027327,0.009109,0.027327,0.009109
38,15698.7,1.21113,3.27812,0.32816,1.03564,0.01277,3.08524,0.8523,0.79565,0.8869,0.65104,0.82958,0.74257,0.79984,0.53125,1.00019,2.27284,0.30735,0.71594,0.01389,0,0.0272527,0.00908425,0.0272527,0.00908425,0.0272527,0.00908425,0.0272527,0.00908425
39,16110.2,1.20916,3.27441,0.32867,1.0329,0.01266,3.06024,0.85478,0.79282,0.88709,0.65221,0.82615,0.74516,0.79994,0.53223,0.99747,2.27119,0.30763,0.71803,0.01386,0,0.0271785,0.0090595,0.0271785,0.0090595,0.0271785,0.0090595,0.0271785,0.0090595
40,16522.6,1.20367,3.24931,0.32808,1.03287,0.01261,3.00958,0.84907,0.79796,0.88695,0.65254,0.82734,0.74533,0.80277,0.53337,0.99586,2.26061,0.30627,0.71364,0.01384,0,0.0271042,0.00903475,0.0271042,0.00903475,0.0271042,0.00903475,0.0271042,0.00903475
41,16934.2,1.20463,3.25099,0.32759,1.03048,0.01265,3.00818,0.84733,0.79959,0.88727,0.65327,0.82917,0.74134,0.80242,0.5319,0.99442,2.25276,0.30588,0.71276,0.0138,0,0.02703,0.00901,0.02703,0.00901,0.02703,0.00901,0.02703,0.00901
42,17346.4,1.20442,3.25552,0.32767,1.03131,0.0126,2.9732,0.85415,0.79476,0.88767,0.65336,0.82495,0.74764,0.8023,0.53176,0.99252,2.25073,0.30591,0.71083,0.01378,0,0.0269558,0.00898525,0.0269558,0.00898525,0.0269558,0.00898525,0.0269558,0.00898525
43,17757.5,1.20135,3.24683,0.32707,1.02838,0.01261,2.98069,0.8506,0.79592,0.88787,0.65385,0.82353,0.74701,0.80219,0.53256,0.99103,2.24704,0.30568,0.70915,0.01374,0,0.0268815,0.0089605,0.0268815,0.0089605,0.0268815,0.0089605,0.0268815,0.0089605
44,18169.9,1.19886,3.22449,0.3265,1.02792,0.01255,2.94167,0.85132,0.79687,0.88802,0.65455,0.83193,0.74528,0.80369,0.53421,0.98918,2.24201,0.30574,0.70927,0.01371,0,0.0268072,0.00893575,0.0268072,0.00893575,0.0268072,0.00893575,0.0268072,0.00893575
45,18581,1.19749,3.21286,0.32584,1.01844,0.01251,2.89973,0.85526,0.79282,0.88753,0.65513,0.83011,0.74539,0.8022,0.53375,0.98826,2.2395,0.30535,0.7067,0.0137,0,0.026733,0.008911,0.026733,0.008911,0.026733,0.008911,0.026733,0.008911
46,18993.4,1.1997,3.21869,0.32637,1.01935,0.01261,2.91441,0.85695,0.79377,0.88744,0.6557,0.82291,0.74953,0.80346,0.53482,0.98784,2.23458,0.30539,0.70559,0.0137,0,0.0266587,0.00888625,0.0266587,0.00888625,0.0266587,0.00888625,0.0266587,0.00888625
47,19405.4,1.19529,3.19787,0.32518,1.01832,0.01254,2.86151,0.85305,0.79518,0.88791,0.65595,0.82419,0.74858,0.80375,0.53486,0.98597,2.23401,0.30514,0.70699,0.01365,0,0.0265845,0.0088615,0.0265845,0.0088615,0.0265845,0.0088615,0.0265845,0.0088615
48,19816.3,1.19388,3.18265,0.32427,1.01009,0.01246,2.86917,0.85542,0.79487,0.88813,0.6564,0.82473,0.75031,0.80397,0.53647,0.98523,2.22947,0.30512,0.70445,0.01363,0,0.0265103,0.00883675,0.0265103,0.00883675,0.0265103,0.00883675,0.0265103,0.00883675
49,20227.1,1.19644,3.19866,0.325,1.01468,0.01244,2.84655,0.85128,0.80054,0.88802,0.65664,0.82388,0.75189,0.80463,0.53712,0.98531,2.22306,0.30464,0.70295,0.01363,0,0.026436,0.008812,0.026436,0.008812,0.026436,0.008812,0.026436,0.008812
50,20637.6,1.18996,3.18061,0.32335,1.01294,0.01248,2.85625,0.85044,0.80038,0.88786,0.65734,0.82209,0.75315,0.805,0.53789,0.98365,2.2194,0.3048,0.70458,0.0136,0,0.0263617,0.00878725,0.0263617,0.00878725,0.0263617,0.00878725,0.0263617,0.00878725
51,21048.5,1.19217,3.17038,0.32367,1.01117,0.01247,2.78702,0.85379,0.79959,0.88693,0.6573,0.82619,0.75378,0.80624,0.53814,0.98343,2.21934,0.30472,0.70406,0.01359,0,0.0262875,0.0087625,0.0262875,0.0087625,0.0262875,0.0087625,0.0262875,0.0087625
52,21459.8,1.1882,3.16327,0.32239,1.00777,0.01244,2.81318,0.85098,0.80132,0.88714,0.65781,0.82854,0.7501,0.80726,0.53852,0.98221,2.21547,0.30481,0.70345,0.01356,0,0.0262133,0.00873775,0.0262133,0.00873775,0.0262133,0.00873775,0.0262133,0.00873775
53,21871.7,1.18841,3.16952,0.32309,1.00742,0.01237,2.82461,0.85876,0.79503,0.88768,0.65806,0.83508,0.74772,0.80797,0.53936,0.9825,2.21266,0.3048,0.70146,0.01356,0,0.026139,0.008713,0.026139,0.008713,0.026139,0.008713,0.026139,0.008713
54,22282.6,1.18598,3.14312,0.32254,1.00479,0.01237,2.7766,0.85969,0.7948,0.88833,0.65899,0.83159,0.75094,0.80804,0.5403,0.98201,2.21277,0.30459,0.70135,0.01355,0,0.0260647,0.00868825,0.0260647,0.00868825,0.0260647,0.00868825,0.0260647,0.00868825
55,22693.4,1.1858,3.14508,0.32283,1.00464,0.01237,2.75517,0.85927,0.79687,0.88923,0.65964,0.8287,0.75401,0.80806,0.54021,0.98048,2.21069,0.30443,0.70265,0.01353,0,0.0259905,0.0086635,0.0259905,0.0086635,0.0259905,0.0086635,0.0259905,0.0086635
56,23104.9,1.18347,3.14331,0.32168,1.0006,0.01235,2.76313,0.8562,0.80049,0.88926,0.65998,0.83285,0.75146,0.8092,0.54104,0.98009,2.20129,0.30421,0.70297,0.01352,0,0.0259163,0.00863875,0.0259163,0.00863875,0.0259163,0.00863875,0.0259163,0.00863875
57,23517.3,1.18542,3.13991,0.32164,1.00028,0.01233,2.7501,0.85596,0.79959,0.88947,0.66046,0.83089,0.75394,0.80921,0.5408,0.97945,2.20013,0.30401,0.7024,0.01353,0,0.025842,0.008614,0.025842,0.008614,0.025842,0.008614,0.025842,0.008614
58,23928.8,1.18164,3.13261,0.32144,1.00106,0.01236,2.70803,0.85739,0.7988,0.88967,0.66029,0.83272,0.75362,0.81037,0.54198,0.97897,2.19965,0.304,0.70237,0.01353,0,0.0257677,0.00858925,0.0257677,0.00858925,0.0257677,0.00858925,0.0257677,0.00858925
59,24340.7,1.17931,3.12166,0.3212,1.00042,0.01225,2.7383,0.8604,0.79567,0.88938,0.66038,0.8332,0.75472,0.81012,0.54147,0.97829,2.20058,0.30391,0.70357,0.01352,0,0.0256935,0.0085645,0.0256935,0.0085645,0.0256935,0.0085645,0.0256935,0.0085645
60,24752.4,1.17726,3.1307,0.32155,0.99862,0.01227,2.6941,0.86043,0.79518,0.88888,0.66023,0.83385,0.75295,0.80961,0.54128,0.97866,2.20078,0.30404,0.70445,0.01353,0,0.0256192,0.00853975,0.0256192,0.00853975,0.0256192,0.00853975,0.0256192,0.00853975
61,25164.7,1.18391,3.1322,0.32142,0.99673,0.01226,2.69556,0.8594,0.7955,0.88909,0.66043,0.83184,0.75394,0.80904,0.54193,0.97922,2.19932,0.30391,0.7018,0.01355,0,0.025545,0.008515,0.025545,0.008515,0.025545,0.008515,0.025545,0.008515
62,25576.5,1.18012,3.11659,0.32088,0.99963,0.01233,2.71922,0.8599,0.79628,0.88958,0.66003,0.83164,0.75352,0.8091,0.54229,0.97895,2.20006,0.30386,0.70209,0.01354,0,0.0254708,0.00849025,0.0254708,0.00849025,0.0254708,0.00849025,0.0254708,0.00849025
63,25988.3,1.17591,3.10067,0.31951,0.99353,0.01226,2.65177,0.86185,0.79455,0.88903,0.65983,0.83127,0.75389,0.80919,0.54255,0.97841,2.19244,0.3036,0.70293,0.01352,0,0.0253965,0.0084655,0.0253965,0.0084655,0.0253965,0.0084655,0.0253965,0.0084655
64,26400.8,1.17985,3.10782,0.32038,0.99327,0.01229,2.64968,0.8617,0.79256,0.88953,0.66031,0.83471,0.75094,0.80996,0.5432,0.97788,2.19406,0.30343,0.70174,0.01353,0,0.0253223,0.00844075,0.0253223,0.00844075,0.0253223,0.00844075,0.0253223,0.00844075
65,26812.8,1.17582,3.10095,0.31916,0.98864,0.01228,2.6544,0.85483,0.79816,0.88922,0.65999,0.83183,0.75143,0.80956,0.54355,0.97794,2.19403,0.30342,0.70258,0.01353,0,0.025248,0.008416,0.025248,0.008416,0.025248,0.008416,0.025248,0.008416
66,27223.9,1.17333,3.09047,0.31961,0.98729,0.01219,2.62934,0.86071,0.79674,0.89046,0.66001,0.83473,0.75409,0.81059,0.54369,0.97746,2.19606,0.30362,0.70156,0.01352,0,0.0251737,0.00839125,0.0251737,0.00839125,0.0251737,0.00839125,0.0251737,0.00839125
67,27635.8,1.17294,3.08413,0.31877,0.99113,0.01219,2.61497,0.86149,0.79597,0.89011,0.66041,0.83845,0.75336,0.81054,0.54337,0.97732,2.19727,0.30349,0.70182,0.01353,0,0.0250995,0.0083665,0.0250995,0.0083665,0.0250995,0.0083665,0.0250995,0.0083665
68,28047,1.17245,3.08722,0.3192,0.99049,0.01217,2.61543,0.86186,0.79707,0.89043,0.66081,0.83738,0.75635,0.81086,0.54369,0.97761,2.20106,0.3035,0.70056,0.01353,0,0.0250252,0.00834175,0.0250252,0.00834175,0.0250252,0.00834175,0.0250252,0.00834175
69,28458.8,1.16817,3.06773,0.31852,0.9866,0.01215,2.55887,0.86219,0.79534,0.88991,0.66068,0.83765,0.75541,0.81098,0.54368,0.97709,2.19924,0.30355,0.70238,0.01352,0,0.024951,0.008317,0.024951,0.008317,0.024951,0.008317,0.024951,0.008317
70,28870.6,1.1711,3.06849,0.31838,0.98553,0.01214,2.60426,0.86702,0.79235,0.8902,0.66125,0.8407,0.75189,0.81075,0.54402,0.97649,2.1993,0.30363,0.70355,0.01352,0,0.0248767,0.00829225,0.0248767,0.00829225,0.0248767,0.00829225,0.0248767,0.00829225
71,29281.1,1.16928,3.07573,0.31788,0.98668,0.01215,2.6067,0.86173,0.79707,0.88997,0.66076,0.84069,0.75378,0.81022,0.54423,0.97607,2.19887,0.30359,0.70343,0.01352,0,0.0248025,0.0082675,0.0248025,0.0082675,0.0248025,0.0082675,0.0248025,0.0082675
72,29691.7,1.17083,3.07728,0.31838,0.98824,0.01225,2.59425,0.86089,0.79518,0.88956,0.66068,0.83855,0.75268,0.81047,0.54387,0.97572,2.19518,0.3034,0.70405,0.01353,0,0.0247282,0.00824275,0.0247282,0.00824275,0.0247282,0.00824275,0.0247282,0.00824275
73,30103.1,1.1717,3.0674,0.31706,0.98333,0.01218,2.56269,0.85661,0.79959,0.88959,0.6603,0.8384,0.75299,0.81061,0.54346,0.97679,2.19492,0.30354,0.70232,0.01355,0,0.024654,0.008218,0.024654,0.008218,0.024654,0.008218,0.024654,0.008218
74,30515.8,1.1692,3.05413,0.31756,0.98064,0.01211,2.52887,0.8563,0.80025,0.88968,0.66055,0.8401,0.75142,0.80989,0.5438,0.97765,2.20157,0.30382,0.70147,0.01357,0,0.0245797,0.00819325,0.0245797,0.00819325,0.0245797,0.00819325,0.0245797,0.00819325
75,30927.4,1.17157,3.05961,0.31781,0.97971,0.01214,2.54151,0.85686,0.80085,0.89007,0.6612,0.83642,0.75378,0.80915,0.54481,0.97568,2.19613,0.30365,0.70373,0.01352,0,0.0245055,0.0081685,0.0245055,0.0081685,0.0245055,0.0081685,0.0245055,0.0081685
76,31338.8,1.16592,3.03952,0.31691,0.98386,0.01218,2.52161,0.85798,0.79891,0.88999,0.66137,0.83892,0.75351,0.80948,0.54484,0.97567,2.19467,0.30364,0.70277,0.01352,0,0.0244312,0.00814375,0.0244312,0.00814375,0.0244312,0.00814375,0.0244312,0.00814375
77,31750.9,1.16316,3.04409,0.3169,0.97721,0.01205,2.51518,0.86433,0.79597,0.88974,0.66185,0.84008,0.75488,0.8102,0.54484,0.97588,2.19163,0.30344,0.70186,0.01354,0,0.024357,0.008119,0.024357,0.008119,0.024357,0.008119,0.024357,0.008119
78,32162.9,1.16265,3.04124,0.31651,0.98169,0.01202,2.48674,0.86271,0.79831,0.88963,0.66172,0.83873,0.75328,0.81037,0.54537,0.9751,2.19472,0.30339,0.70219,0.01353,0,0.0242827,0.00809425,0.0242827,0.00809425,0.0242827,0.00809425,0.0242827,0.00809425
79,32575.2,1.16099,3.03098,0.31572,0.97408,0.01203,2.47513,0.86513,0.7966,0.89006,0.66264,0.83954,0.75362,0.81135,0.54573,0.97448,2.19159,0.30339,0.70387,0.01353,0,0.0242085,0.0080695,0.0242085,0.0080695,0.0242085,0.0080695,0.0242085,0.0080695
80,32987.4,1.16532,3.03719,0.31677,0.97147,0.01207,2.48902,0.86424,0.79802,0.8901,0.66268,0.83891,0.75551,0.81195,0.54626,0.97315,2.18905,0.30313,0.70529,0.01352,0,0.0241342,0.00804475,0.0241342,0.00804475,0.0241342,0.00804475,0.0241342,0.00804475
81,33399.6,1.16403,3.04292,0.31615,0.96756,0.01203,2.42696,0.85732,0.8003,0.89014,0.6628,0.84107,0.7522,0.81208,0.54705,0.97215,2.18577,0.30309,0.70603,0.0135,0,0.02406,0.00802,0.02406,0.00802,0.02406,0.00802,0.02406,0.00802
82,33812.4,1.16147,3.02614,0.31535,0.97649,0.01208,2.4579,0.85901,0.79739,0.88999,0.66341,0.84209,0.74953,0.81139,0.54665,0.97168,2.18294,0.30307,0.70754,0.01349,0,0.0239858,0.00799525,0.0239858,0.00799525,0.0239858,0.00799525,0.0239858,0.00799525
83,34223.7,1.16169,3.01927,0.31543,0.97104,0.01205,2.4481,0.86091,0.7955,0.89006,0.66336,0.84452,0.75094,0.81235,0.54675,0.97077,2.18123,0.30298,0.7077,0.01347,0,0.0239115,0.0079705,0.0239115,0.0079705,0.0239115,0.0079705,0.0239115,0.0079705
84,34636.1,1.15761,3.01976,0.31506,0.97027,0.01203,2.43592,0.86553,0.79156,0.89004,0.66336,0.84411,0.75205,0.81324,0.54734,0.97078,2.1814,0.30305,0.70792,0.01348,0,0.0238373,0.00794575,0.0238373,0.00794575,0.0238373,0.00794575,0.0238373,0.00794575
85,35047.4,1.16123,3.01861,0.31563,0.97318,0.01203,2.42782,0.86298,0.79298,0.88968,0.66326,0.84073,0.75063,0.81261,0.54779,0.97031,2.18266,0.30279,0.70832,0.01349,0,0.023763,0.007921,0.023763,0.007921,0.023763,0.007921,0.023763,0.007921
86,35458.3,1.15774,3.00541,0.3151,0.97077,0.01192,2.41694,0.86177,0.79314,0.88897,0.66309,0.83772,0.75175,0.81259,0.54772,0.96937,2.17922,0.30247,0.71028,0.01347,0,0.0236888,0.00789625,0.0236888,0.00789625,0.0236888,0.00789625,0.0236888,0.00789625
87,35870.1,1.15791,2.99561,0.31413,0.96821,0.01202,2.42674,0.86196,0.79282,0.88927,0.66322,0.83769,0.75457,0.81361,0.54854,0.96944,2.17823,0.30205,0.70899,0.01352,0,0.0236145,0.0078715,0.0236145,0.0078715,0.0236145,0.0078715,0.0236145,0.0078715
88,36282.4,1.15899,3.00727,0.3137,0.96898,0.01207,2.41757,0.86414,0.79306,0.88946,0.66342,0.84797,0.74984,0.81461,0.54991,0.9659,2.17717,0.30206,0.71407,0.01345,0,0.0235402,0.00784675,0.0235402,0.00784675,0.0235402,0.00784675,0.0235402,0.00784675
89,36693.9,1.1554,2.9903,0.31376,0.95857,0.01199,2.41681,0.86304,0.79455,0.88901,0.66344,0.84131,0.75582,0.81409,0.5499,0.9659,2.17683,0.30207,0.71162,0.01347,0,0.023466,0.007822,0.023466,0.007822,0.023466,0.007822,0.023466,0.007822
90,37105.9,1.15663,2.99005,0.31409,0.96658,0.01194,2.4033,0.86435,0.79245,0.88845,0.66324,0.84025,0.7552,0.81445,0.54984,0.96525,2.17151,0.30196,0.71117,0.01345,0,0.0233917,0.00779725,0.0233917,0.00779725,0.0233917,0.00779725,0.0233917,0.00779725
91,37517,1.15581,2.9785,0.31403,0.96368,0.01196,2.39802,0.86577,0.79188,0.88878,0.6626,0.84794,0.75321,0.81481,0.55015,0.96399,2.17055,0.30182,0.71297,0.01342,0,0.0233175,0.0077725,0.0233175,0.0077725,0.0233175,0.0077725,0.0233175,0.0077725
92,37928.9,1.15256,2.97538,0.31213,0.9666,0.0119,2.43996,0.86427,0.79471,0.88895,0.66295,0.8408,0.75567,0.81428,0.55043,0.96349,2.16772,0.3017,0.7111,0.01343,0,0.0232433,0.00774775,0.0232433,0.00774775,0.0232433,0.00774775,0.0232433,0.00774775
93,38340.6,1.15757,2.98726,0.31361,0.96895,0.01197,2.405,0.86149,0.79705,0.88897,0.66332,0.83856,0.75598,0.81364,0.55035,0.96263,2.16976,0.3015,0.71117,0.01343,0,0.023169,0.007723,0.023169,0.007723,0.023169,0.007723,0.023169,0.007723
94,38752.6,1.15172,2.99021,0.31349,0.96305,0.01191,2.38794,0.86249,0.79455,0.88896,0.66373,0.83972,0.75488,0.81385,0.55086,0.96076,2.16744,0.30124,0.71205,0.0134,0,0.0230947,0.00769825,0.0230947,0.00769825,0.0230947,0.00769825,0.0230947,0.00769825
95,39164,1.15079,2.96076,0.31256,0.96052,0.01189,2.37956,0.86375,0.79219,0.88921,0.66396,0.83888,0.75614,0.81445,0.55085,0.96058,2.16472,0.30104,0.71157,0.01338,0,0.0230205,0.0076735,0.0230205,0.0076735,0.0230205,0.0076735,0.0230205,0.0076735
96,39575.7,1.15213,2.97138,0.31284,0.95974,0.01194,2.39097,0.86439,0.79277,0.88923,0.66438,0.8414,0.75693,0.8146,0.55211,0.95969,2.16073,0.30067,0.7107,0.01338,0,0.0229462,0.00764875,0.0229462,0.00764875,0.0229462,0.00764875,0.0229462,0.00764875
97,39987.4,1.15158,2.96261,0.31254,0.95951,0.01192,2.36391,0.86519,0.79513,0.88931,0.66439,0.84184,0.75497,0.81457,0.55225,0.95872,2.15907,0.30059,0.71261,0.01336,0,0.022872,0.007624,0.022872,0.007624,0.022872,0.007624,0.022872,0.007624
98,40400.3,1.14912,2.96466,0.31169,0.95966,0.0119,2.38033,0.8703,0.79227,0.88963,0.6649,0.84322,0.75526,0.81576,0.55297,0.95671,2.1505,0.30028,0.71138,0.01332,0,0.0227978,0.00759925,0.0227978,0.00759925,0.0227978,0.00759925,0.0227978,0.00759925
99,40812.6,1.14955,2.95535,0.31179,0.95693,0.01185,2.34801,0.86684,0.79597,0.89028,0.66578,0.84415,0.75771,0.81665,0.55455,0.95527,2.14792,0.30008,0.71016,0.01329,0,0.0227235,0.0075745,0.0227235,0.0075745,0.0227235,0.0075745,0.0227235,0.0075745
100,41225.9,1.14907,2.96808,0.31244,0.9608,0.01185,2.34461,0.8735,0.79361,0.89101,0.66643,0.84371,0.75929,0.81706,0.55575,0.95543,2.1448,0.3,0.70722,0.01329,0,0.0226492,0.00754975,0.0226492,0.00754975,0.0226492,0.00754975,0.0226492,0.00754975
101,41637.4,1.1461,2.94519,0.31169,0.95418,0.01184,2.29977,0.86866,0.79392,0.89141,0.66693,0.84518,0.75803,0.81744,0.55652,0.95449,2.13921,0.29982,0.70758,0.01326,0,0.022575,0.007525,0.022575,0.007525,0.022575,0.007525,0.022575,0.007525
102,42049.8,1.14566,2.95091,0.31132,0.95408,0.01183,2.32848,0.86809,0.79534,0.89151,0.66693,0.84282,0.75807,0.81754,0.55714,0.95316,2.13336,0.29961,0.707,0.01324,0,0.0225007,0.00750025,0.0225007,0.00750025,0.0225007,0.00750025,0.0225007,0.00750025
103,42462.2,1.14389,2.95425,0.31125,0.95491,0.01179,2.29973,0.86841,0.79476,0.89171,0.66826,0.84281,0.75992,0.81864,0.55814,0.95177,2.12839,0.29917,0.70608,0.01322,0,0.0224265,0.0074755,0.0224265,0.0074755,0.0224265,0.0074755,0.0224265,0.0074755
104,42874.5,1.14905,2.94051,0.31104,0.95526,0.01188,2.30399,0.86777,0.79518,0.89217,0.66917,0.84365,0.76165,0.82004,0.55924,0.95176,2.12731,0.29905,0.70343,0.01322,0,0.0223522,0.00745075,0.0223522,0.00745075,0.0223522,0.00745075,0.0223522,0.00745075
105,43286.4,1.14499,2.93672,0.31116,0.95426,0.01179,2.26842,0.86961,0.79534,0.89192,0.66927,0.85412,0.75205,0.8196,0.55965,0.95166,2.12265,0.29901,0.7024,0.01321,0,0.022278,0.007426,0.022278,0.007426,0.022278,0.007426,0.022278,0.007426
106,43698.7,1.14369,2.93942,0.31058,0.95053,0.01177,2.28147,0.86776,0.79753,0.89183,0.66949,0.8495,0.75819,0.8199,0.55972,0.95306,2.12322,0.29903,0.69746,0.01325,0,0.0222038,0.00740125,0.0222038,0.00740125,0.0222038,0.00740125,0.0222038,0.00740125
107,44113.2,1.14468,2.9308,0.30987,0.95324,0.01181,2.26897,0.86737,0.7979,0.89221,0.66959,0.84935,0.76066,0.82008,0.56032,0.95139,2.11434,0.29877,0.69799,0.0132,0,0.0221295,0.0073765,0.0221295,0.0073765,0.0221295,0.0073765,0.0221295,0.0073765
108,44524.9,1.14027,2.93064,0.30969,0.94665,0.01177,2.25053,0.86795,0.79571,0.89216,0.66978,0.85225,0.7546,0.82042,0.56108,0.95146,2.11347,0.29864,0.69665,0.01321,0,0.0220552,0.00735175,0.0220552,0.00735175,0.0220552,0.00735175,0.0220552,0.00735175
109,44937.4,1.14322,2.92976,0.30974,0.9478,0.01181,2.29519,0.86613,0.79753,0.89277,0.67044,0.85403,0.75619,0.82251,0.56236,0.95106,2.11466,0.29849,0.69665,0.01319,0,0.021981,0.007327,0.021981,0.007327,0.021981,0.007327,0.021981,0.007327
110,45349.9,1.13819,2.91612,0.31001,0.94751,0.01176,2.23761,0.86397,0.79891,0.89293,0.67051,0.8536,0.75455,0.82297,0.56288,0.95105,2.11069,0.29815,0.69506,0.01319,0,0.0219067,0.00730225,0.0219067,0.00730225,0.0219067,0.00730225,0.0219067,0.00730225
111,45762.3,1.13889,2.91445,0.30969,0.94834,0.01172,2.24619,0.87056,0.79628,0.8935,0.67092,0.85708,0.75529,0.82193,0.56324,0.95029,2.10827,0.29809,0.6948,0.01316,0,0.0218325,0.0072775,0.0218325,0.0072775,0.0218325,0.0072775,0.0218325,0.0072775
112,46175.4,1.13776,2.9097,0.30974,0.94529,0.01169,2.22489,0.87239,0.79691,0.89443,0.67145,0.85553,0.75756,0.82238,0.5637,0.94896,2.10681,0.29788,0.6948,0.01313,0,0.0217582,0.00725275,0.0217582,0.00725275,0.0217582,0.00725275,0.0217582,0.00725275
113,46587.4,1.14202,2.91198,0.30916,0.94521,0.01177,2.23167,0.87512,0.79534,0.89506,0.6723,0.85868,0.75882,0.82338,0.56505,0.95028,2.10538,0.29766,0.68953,0.01318,0,0.021684,0.007228,0.021684,0.007228,0.021684,0.007228,0.021684,0.007228
114,46999.5,1.13796,2.90163,0.30876,0.94482,0.01171,2.21857,0.87174,0.7966,0.89477,0.67288,0.85946,0.75771,0.82372,0.56621,0.94933,2.09896,0.29742,0.68856,0.01315,0,0.0216098,0.00720325,0.0216098,0.00720325,0.0216098,0.00720325,0.0216098,0.00720325
115,47410.8,1.14115,2.91381,0.30887,0.94551,0.01172,2.20775,0.87396,0.79628,0.89486,0.67324,0.85902,0.75782,0.82413,0.56682,0.94593,2.09486,0.29724,0.69039,0.01307,0,0.0215355,0.0071785,0.0215355,0.0071785,0.0215355,0.0071785,0.0215355,0.0071785
116,47822.1,1.14082,2.91054,0.30899,0.94759,0.01175,2.18725,0.87339,0.79824,0.89534,0.67346,0.86043,0.75803,0.82563,0.56759,0.94594,2.09547,0.29696,0.68782,0.01307,0,0.0214612,0.00715375,0.0214612,0.00715375,0.0214612,0.00715375,0.0214612,0.00715375
117,48234.4,1.13769,2.89688,0.30813,0.94074,0.01175,2.21014,0.87417,0.79734,0.89553,0.67407,0.86321,0.75897,0.82548,0.56881,0.94463,2.08356,0.29645,0.68661,0.01306,0,0.021387,0.007129,0.021387,0.007129,0.021387,0.007129,0.021387,0.007129
118,48645.8,1.13785,2.91032,0.30902,0.94348,0.01173,2.17193,0.87583,0.79504,0.89544,0.67394,0.86381,0.75588,0.82556,0.56854,0.94446,2.07725,0.29613,0.68574,0.01305,0,0.0213127,0.00710425,0.0213127,0.00710425,0.0213127,0.00710425,0.0213127,0.00710425
119,49057.4,1.13667,2.89182,0.30772,0.94103,0.01167,2.17988,0.87336,0.79584,0.89558,0.67456,0.86392,0.75663,0.82616,0.57,0.94384,2.07584,0.29604,0.68409,0.01305,0,0.0212385,0.0070795,0.0212385,0.0070795,0.0212385,0.0070795,0.0212385,0.0070795
120,49468.9,1.13325,2.88561,0.30785,0.94252,0.01163,2.16692,0.87467,0.79723,0.89621,0.67507,0.86352,0.7574,0.82646,0.57085,0.94446,2.07345,0.29575,0.68077,0.01308,0,0.0211642,0.00705475,0.0211642,0.00705475,0.0211642,0.00705475,0.0211642,0.00705475
121,49881.9,1.13503,2.89005,0.3077,0.94524,0.01164,2.16703,0.87403,0.79676,0.89656,0.6752,0.86356,0.75661,0.82647,0.5725,0.94275,2.0699,0.2957,0.68149,0.01307,0,0.02109,0.00703,0.02109,0.00703,0.02109,0.00703,0.02109,0.00703
122,50294.3,1.13506,2.88401,0.30689,0.94044,0.01168,2.17063,0.87453,0.79392,0.89649,0.67493,0.86017,0.7573,0.82578,0.57191,0.94005,2.06591,0.29555,0.68396,0.01301,0,0.0210157,0.00700525,0.0210157,0.00700525,0.0210157,0.00700525,0.0210157,0.00700525
123,50707.1,1.13544,2.89409,0.30766,0.943,0.01166,2.21807,0.87008,0.79709,0.89658,0.6753,0.86105,0.75803,0.82735,0.57322,0.94102,2.06544,0.29524,0.68101,0.01302,0,0.0209415,0.0069805,0.0209415,0.0069805,0.0209415,0.0069805,0.0209415,0.0069805
124,51120.6,1.13441,2.88397,0.30712,0.93915,0.01164,2.17103,0.87133,0.79531,0.89731,0.67608,0.86169,0.75914,0.82802,0.5741,0.94081,2.06148,0.29488,0.68018,0.01301,0,0.0208673,0.00695575,0.0208673,0.00695575,0.0208673,0.00695575,0.0208673,0.00695575
125,51533.6,1.13372,2.88322,0.30761,0.93462,0.01166,2.14725,0.87357,0.79626,0.89768,0.6769,0.86122,0.75913,0.82917,0.57607,0.93938,2.0591,0.29488,0.67983,0.01298,0,0.020793,0.006931,0.020793,0.006931,0.020793,0.006931,0.020793,0.006931
126,51946.4,1.12948,2.86163,0.30558,0.93429,0.01165,2.11373,0.86826,0.80208,0.89788,0.67729,0.86127,0.75976,0.82886,0.57672,0.94129,2.05697,0.29461,0.67452,0.01303,0,0.0207188,0.00690625,0.0207188,0.00690625,0.0207188,0.00690625,0.0207188,0.00690625
127,52358.7,1.13296,2.86836,0.30598,0.93699,0.0116,2.11906,0.8738,0.7977,0.89782,0.67726,0.86016,0.76055,0.82883,0.57676,0.94153,2.05657,0.29437,0.67438,0.01304,0,0.0206445,0.0068815,0.0206445,0.0068815,0.0206445,0.0068815,0.0206445,0.0068815
128,52770.5,1.13085,2.8688,0.30669,0.93386,0.01166,2.10632,0.86931,0.79899,0.89714,0.67727,0.85741,0.76397,0.82875,0.57699,0.94081,2.0506,0.29401,0.67434,0.01302,0,0.0205703,0.00685675,0.0205703,0.00685675,0.0205703,0.00685675,0.0205703,0.00685675
129,53182.5,1.12906,2.8629,0.30635,0.93279,0.0116,2.09152,0.86731,0.80085,0.89698,0.67705,0.85241,0.76496,0.82901,0.57789,0.94012,2.04899,0.29378,0.67289,0.01301,0,0.020496,0.006832,0.020496,0.006832,0.020496,0.006832,0.020496,0.006832
130,53604.8,1.13222,2.86396,0.30643,0.93811,0.0116,2.14873,0.86606,0.80305,0.8977,0.67745,0.85208,0.7648,0.82878,0.57841,0.93734,2.04613,0.29346,0.67428,0.01297,0,0.0204217,0.00680725,0.0204217,0.00680725,0.0204217,0.00680725,0.0204217,0.00680725
131,54025.3,1.13039,2.86595,0.30606,0.93401,0.01167,2.11236,0.86775,0.80321,0.89834,0.67781,0.85128,0.7659,0.82965,0.57975,0.93654,2.04308,0.29318,0.67373,0.01296,0,0.0203475,0.0067825,0.0203475,0.0067825,0.0203475,0.0067825,0.0203475,0.0067825
132,54445.6,1.12871,2.85426,0.30578,0.92942,0.01153,2.08072,0.86545,0.80603,0.89841,0.6779,0.86152,0.76102,0.82973,0.58076,0.93572,2.04018,0.29286,0.67388,0.01296,0,0.0202732,0.00675775,0.0202732,0.00675775,0.0202732,0.00675775,0.0202732,0.00675775
133,54865.6,1.12966,2.86004,0.30589,0.93458,0.01157,2.0867,0.8602,0.8103,0.89928,0.67893,0.85975,0.76055,0.83036,0.58119,0.93571,2.03737,0.29286,0.67015,0.01295,0,0.020199,0.006733,0.020199,0.006733,0.020199,0.006733,0.020199,0.006733
134,55286.3,1.12823,2.86133,0.30561,0.93415,0.01163,2.13412,0.86091,0.80951,0.89908,0.67935,0.86171,0.7583,0.83063,0.58123,0.93518,2.03493,0.2926,0.66852,0.01294,0,0.0201248,0.00670825,0.0201248,0.00670825,0.0201248,0.00670825,0.0201248,0.00670825
135,55707.6,1.12872,2.85014,0.30534,0.9293,0.0116,2.07678,0.86317,0.80856,0.89978,0.68008,0.86419,0.75976,0.83166,0.58247,0.9343,2.03171,0.29235,0.66675,0.01291,0,0.0200505,0.0066835,0.0200505,0.0066835,0.0200505,0.0066835,0.0200505,0.0066835
136,56129.8,1.12843,2.85557,0.30503,0.93473,0.01159,2.08168,0.86768,0.80494,0.90007,0.68039,0.86699,0.75834,0.83213,0.58351,0.93335,2.02457,0.29171,0.66509,0.01288,0,0.0199762,0.00665875,0.0199762,0.00665875,0.0199762,0.00665875,0.0199762,0.00665875
137,56552.4,1.1274,2.84554,0.30503,0.93227,0.01158,2.10798,0.86304,0.80751,0.90005,0.68033,0.86458,0.75992,0.83268,0.58428,0.9335,2.01748,0.29155,0.66467,0.01289,0,0.019902,0.006634,0.019902,0.006634,0.019902,0.006634,0.019902,0.006634
138,56974.4,1.12409,2.83634,0.305,0.92476,0.01155,2.07078,0.86291,0.80762,0.90006,0.68036,0.86361,0.75861,0.8322,0.58423,0.93232,2.01747,0.29136,0.66488,0.01287,0,0.0198277,0.00660925,0.0198277,0.00660925,0.0198277,0.00660925,0.0198277,0.00660925
139,57396.4,1.12802,2.85541,0.30541,0.93346,0.01157,2.12909,0.86324,0.80888,0.90017,0.68095,0.85863,0.76338,0.83183,0.58485,0.93152,2.01924,0.29119,0.6643,0.01284,0,0.0197535,0.0065845,0.0197535,0.0065845,0.0197535,0.0065845,0.0197535,0.0065845
140,57817.5,1.12694,2.84827,0.30439,0.92586,0.01157,2.07256,0.8585,0.81171,0.90026,0.68093,0.85775,0.76448,0.83239,0.58514,0.93041,2.01279,0.2907,0.66473,0.01282,0,0.0196793,0.00655975,0.0196793,0.00655975,0.0196793,0.00655975,0.0196793,0.00655975
141,58239.6,1.12526,2.8403,0.30425,0.92794,0.01156,2.03716,0.86368,0.80951,0.90067,0.68162,0.85792,0.76559,0.83317,0.58601,0.93076,2.0116,0.29042,0.66097,0.01281,0,0.019605,0.006535,0.019605,0.006535,0.019605,0.006535,0.019605,0.006535
142,58662,1.12342,2.8331,0.30327,0.92596,0.01158,2.04863,0.86042,0.81171,0.9007,0.68148,0.85568,0.76685,0.83316,0.58623,0.92881,2.00717,0.29002,0.66271,0.01278,0,0.0195307,0.00651025,0.0195307,0.00651025,0.0195307,0.00651025,0.0195307,0.00651025
143,59084.7,1.12306,2.82754,0.30408,0.92611,0.01153,2.04019,0.86096,0.8136,0.90111,0.68175,0.85352,0.77031,0.83384,0.58712,0.92764,2.00451,0.28972,0.66231,0.01278,0,0.0194565,0.0064855,0.0194565,0.0064855,0.0194565,0.0064855,0.0194565,0.0064855
144,59504.6,1.12327,2.83054,0.30403,0.92708,0.01151,2.02773,0.86342,0.81313,0.90142,0.68282,0.85468,0.77314,0.83474,0.58783,0.92714,1.99467,0.28942,0.66001,0.01277,0,0.0193823,0.00646075,0.0193823,0.00646075,0.0193823,0.00646075,0.0193823,0.00646075
145,59923.8,1.12338,2.84151,0.3042,0.92129,0.01153,2.05297,0.86203,0.81344,0.90173,0.68342,0.85362,0.77394,0.83507,0.58866,0.92649,1.99148,0.28908,0.65795,0.01275,0,0.019308,0.006436,0.019308,0.006436,0.019308,0.006436,0.019308,0.006436
146,60345.3,1.12058,2.81668,0.30323,0.92323,0.01146,2.04419,0.86629,0.81061,0.90168,0.684,0.8536,0.77473,0.83586,0.58933,0.92357,1.9862,0.2889,0.65951,0.01269,0,0.0192337,0.00641125,0.0192337,0.00641125,0.0192337,0.00641125,0.0192337,0.00641125
147,60766.5,1.1212,2.82042,0.30368,0.9266,0.01151,2.06179,0.86722,0.80922,0.90225,0.68429,0.86314,0.76946,0.83596,0.58959,0.92294,1.98492,0.28881,0.65835,0.01269,0,0.0191595,0.0063865,0.0191595,0.0063865,0.0191595,0.0063865,0.0191595,0.0063865
148,61187.7,1.12344,2.82765,0.30369,0.92047,0.01157,2.04012,0.86524,0.81267,0.90221,0.68459,0.85731,0.77314,0.83676,0.59029,0.92254,1.98101,0.28853,0.65663,0.01267,0,0.0190853,0.00636175,0.0190853,0.00636175,0.0190853,0.00636175,0.0190853,0.00636175
149,61609.8,1.11813,2.8165,0.30263,0.91868,0.0115,2.01482,0.86618,0.81329,0.90241,0.68481,0.85938,0.77173,0.83727,0.59043,0.92064,1.97841,0.2884,0.65681,0.01264,0,0.019011,0.006337,0.019011,0.006337,0.019011,0.006337,0.019011,0.006337
150,62031.8,1.1187,2.81047,0.30263,0.91984,0.01145,2.00729,0.87135,0.80719,0.90277,0.68469,0.85872,0.77251,0.83695,0.5908,0.92022,1.97914,0.28823,0.65615,0.01262,0,0.0189367,0.00631225,0.0189367,0.00631225,0.0189367,0.00631225,0.0189367,0.00631225
151,62454.9,1.1199,2.81392,0.30344,0.92016,0.01148,1.98353,0.86978,0.80951,0.90288,0.68558,0.85569,0.77346,0.83756,0.59146,0.91902,1.97774,0.28796,0.65508,0.01261,0,0.0188625,0.0062875,0.0188625,0.0062875,0.0188625,0.0062875,0.0188625,0.0062875
152,62877.6,1.1186,2.81458,0.3021,0.92023,0.01148,2.00876,0.86892,0.8109,0.9033,0.68596,0.84899,0.77975,0.83766,0.59179,0.9188,1.97543,0.2878,0.65347,0.01261,0,0.0187882,0.00626275,0.0187882,0.00626275,0.0187882,0.00626275,0.0187882,0.00626275
153,63300.2,1.11989,2.80055,0.30273,0.91859,0.01144,2.03906,0.86581,0.81363,0.90333,0.68601,0.85344,0.77465,0.83704,0.5928,0.91892,1.9719,0.28764,0.65137,0.01262,0,0.018714,0.006238,0.018714,0.006238,0.018714,0.006238,0.018714,0.006238
154,63722.2,1.11703,2.81408,0.3035,0.9253,0.01144,2.03674,0.869,0.81313,0.90327,0.68668,0.85426,0.77606,0.8376,0.59336,0.91823,1.96921,0.28756,0.65167,0.01262,0,0.0186397,0.00621325,0.0186397,0.00621325,0.0186397,0.00621325,0.0186397,0.00621325
155,64143.8,1.11727,2.79597,0.30176,0.92206,0.01141,1.97224,0.87152,0.81056,0.90372,0.68712,0.85555,0.77393,0.83758,0.59391,0.91687,1.96454,0.28736,0.65198,0.01259,0,0.0185655,0.0061885,0.0185655,0.0061885,0.0185655,0.0061885,0.0185655,0.0061885
156,64566,1.11795,2.79698,0.30194,0.92301,0.0114,2.00066,0.87126,0.80974,0.90375,0.68752,0.85479,0.77472,0.83742,0.59435,0.91604,1.96147,0.28719,0.65155,0.01257,0,0.0184913,0.00616375,0.0184913,0.00616375,0.0184913,0.00616375,0.0184913,0.00616375
157,64987.9,1.11462,2.79358,0.30161,0.91844,0.0114,1.98497,0.87101,0.80904,0.90387,0.6874,0.85505,0.7733,0.83759,0.59462,0.91578,1.96204,0.2871,0.65132,0.01257,0,0.018417,0.006139,0.018417,0.006139,0.018417,0.006139,0.018417,0.006139
158,65409.8,1.11557,2.77859,0.30173,0.91314,0.01137,1.94084,0.87093,0.80982,0.90409,0.6882,0.85369,0.77409,0.83719,0.59467,0.91483,1.95987,0.28701,0.65113,0.01254,0,0.0183427,0.00611425,0.0183427,0.00611425,0.0183427,0.00611425,0.0183427,0.00611425
159,65831,1.11749,2.78714,0.30255,0.9117,0.01142,1.96462,0.87037,0.81234,0.90436,0.68866,0.85384,0.77503,0.83679,0.59562,0.9149,1.95895,0.28678,0.65101,0.01253,0,0.0182685,0.0060895,0.0182685,0.0060895,0.0182685,0.0060895,0.0182685,0.0060895
160,66252.4,1.11538,2.80077,0.30161,0.91718,0.01137,1.98825,0.871,0.81281,0.90435,0.68868,0.85138,0.77829,0.83708,0.59583,0.91416,1.95739,0.28658,0.65184,0.01252,0,0.0181942,0.00606475,0.0181942,0.00606475,0.0181942,0.00606475,0.0181942,0.00606475
161,66673.2,1.11892,2.78569,0.30108,0.91501,0.01147,1.98672,0.87026,0.81313,0.90442,0.68865,0.85276,0.77777,0.83723,0.59646,0.91417,1.95738,0.28638,0.65193,0.01253,0,0.01812,0.00604,0.01812,0.00604,0.01812,0.00604,0.01812,0.00604
162,67094.2,1.11669,2.79207,0.30133,0.91372,0.01145,1.95338,0.86441,0.81694,0.9047,0.68873,0.8537,0.77724,0.83752,0.5967,0.91395,1.9521,0.28612,0.65012,0.0125,0,0.0180457,0.00601525,0.0180457,0.00601525,0.0180457,0.00601525,0.0180457,0.00601525
163,67514.9,1.11377,2.78323,0.30145,0.91473,0.01141,1.96464,0.86674,0.81549,0.90464,0.68886,0.85263,0.77787,0.83794,0.59794,0.91401,1.95059,0.28601,0.64985,0.01251,0,0.0179715,0.0059905,0.0179715,0.0059905,0.0179715,0.0059905,0.0179715,0.0059905
164,67936.1,1.1137,2.77385,0.30134,0.91427,0.01135,1.93314,0.86304,0.8184,0.90505,0.68893,0.84874,0.77975,0.83785,0.59847,0.91393,1.94867,0.28583,0.64768,0.01249,0,0.0178972,0.00596575,0.0178972,0.00596575,0.0178972,0.00596575,0.0178972,0.00596575
165,68358.2,1.10827,2.75923,0.30041,0.91261,0.01131,1.91921,0.86341,0.81927,0.90552,0.68882,0.85356,0.77629,0.83844,0.59933,0.9143,1.94684,0.28565,0.64644,0.01248,0,0.017823,0.005941,0.017823,0.005941,0.017823,0.005941,0.017823,0.005941
166,68792.5,1.11095,2.76118,0.30067,0.90799,0.01136,1.94426,0.86534,0.81722,0.90586,0.68952,0.85023,0.78113,0.83869,0.5996,0.91369,1.95006,0.28539,0.64399,0.01246,0,0.0177488,0.00591625,0.0177488,0.00591625,0.0177488,0.00591625,0.0177488,0.00591625
167,69214.5,1.11205,2.76692,0.30075,0.90773,0.01135,1.93381,0.86241,0.81903,0.90637,0.68999,0.85775,0.77366,0.83865,0.60001,0.91262,1.94798,0.28503,0.6429,0.01244,0,0.0176745,0.0058915,0.0176745,0.0058915,0.0176745,0.0058915,0.0176745,0.0058915
168,69636.8,1.11142,2.76872,0.3004,0.91199,0.01136,1.91615,0.86111,0.82037,0.90741,0.69028,0.86191,0.77094,0.83898,0.60083,0.91116,1.94726,0.28508,0.64342,0.01241,0,0.0176003,0.00586675,0.0176003,0.00586675,0.0176003,0.00586675,0.0176003,0.00586675
169,70058.8,1.10785,2.75654,0.30014,0.908,0.01133,1.88987,0.86358,0.82069,0.90761,0.69069,0.85602,0.77687,0.83927,0.60132,0.91059,1.94506,0.28498,0.64295,0.01239,0,0.017526,0.005842,0.017526,0.005842,0.017526,0.005842,0.017526,0.005842
170,70479.8,1.10857,2.75464,0.3005,0.90726,0.01137,1.91984,0.86136,0.82509,0.9077,0.69103,0.85304,0.77855,0.83907,0.60182,0.90911,1.94325,0.28447,0.6434,0.01238,0,0.0174518,0.00581725,0.0174518,0.00581725,0.0174518,0.00581725,0.0174518,0.00581725
171,70901.6,1.10838,2.75252,0.3,0.90875,0.01131,1.84371,0.86487,0.82069,0.9081,0.69151,0.85826,0.77313,0.8397,0.60207,0.90778,1.94226,0.28426,0.6423,0.01236,0,0.0173775,0.0057925,0.0173775,0.0057925,0.0173775,0.0057925,0.0173775,0.0057925
172,71324.3,1.11052,2.75347,0.29993,0.9056,0.01134,1.87941,0.86693,0.81927,0.90801,0.69204,0.86209,0.77055,0.8404,0.60287,0.90665,1.94044,0.28392,0.64227,0.01235,0,0.0173032,0.00576775,0.0173032,0.00576775,0.0173032,0.00576775,0.0173032,0.00576775
173,71761.1,1.10572,2.74287,0.29951,0.9034,0.01132,1.83931,0.86432,0.82258,0.90771,0.69187,0.85997,0.7744,0.84131,0.60285,0.90689,1.93637,0.28385,0.64172,0.01235,0,0.017229,0.005743,0.017229,0.005743,0.017229,0.005743,0.017229,0.005743
174,72184.5,1.1085,2.73529,0.29919,0.90282,0.01129,1.86286,0.86999,0.81858,0.90747,0.69239,0.85773,0.77731,0.841,0.60287,0.90673,1.93681,0.28362,0.63988,0.01235,0,0.0171547,0.00571825,0.0171547,0.00571825,0.0171547,0.00571825,0.0171547,0.00571825
175,72606.8,1.10442,2.73792,0.2981,0.9026,0.01127,1.84844,0.87049,0.82006,0.90777,0.69244,0.8562,0.77865,0.84078,0.60316,0.90773,1.93458,0.28323,0.63747,0.01237,0,0.0170805,0.0056935,0.0170805,0.0056935,0.0170805,0.0056935,0.0170805,0.0056935
176,73030.1,1.1067,2.74232,0.30004,0.90492,0.01131,1.84033,0.87346,0.81832,0.9082,0.69291,0.85414,0.77991,0.84133,0.6043,0.90592,1.93347,0.28316,0.63854,0.01234,0,0.0170063,0.00566875,0.0170063,0.00566875,0.0170063,0.00566875,0.0170063,0.00566875
177,73453.2,1.1019,2.72624,0.29952,0.90277,0.01125,1.81156,0.87537,0.81607,0.9087,0.69319,0.85547,0.77991,0.84189,0.60544,0.90534,1.92536,0.28295,0.63956,0.01233,0,0.016932,0.005644,0.016932,0.005644,0.016932,0.005644,0.016932,0.005644
178,73875.1,1.1074,2.74733,0.29928,0.90486,0.01132,1.84322,0.87485,0.81502,0.90845,0.69315,0.85732,0.77881,0.84159,0.60598,0.90564,1.92449,0.28271,0.63981,0.01233,0,0.0168578,0.00561925,0.0168578,0.00561925,0.0168578,0.00561925,0.0168578,0.00561925
179,74296.7,1.10301,2.73282,0.29824,0.90358,0.01119,1.81497,0.87121,0.81407,0.90834,0.69308,0.86543,0.77157,0.84167,0.60616,0.90442,1.92397,0.28242,0.64064,0.0123,0,0.0167835,0.0055945,0.0167835,0.0055945,0.0167835,0.0055945,0.0167835,0.0055945
180,74719.7,1.10378,2.72324,0.29852,0.90059,0.01127,1.80477,0.87228,0.81455,0.90798,0.69326,0.86038,0.77706,0.84301,0.60616,0.90462,1.92384,0.28232,0.64054,0.01231,0,0.0167092,0.00556975,0.0167092,0.00556975,0.0167092,0.00556975,0.0167092,0.00556975
181,75142.8,1.10105,2.73449,0.29914,0.90135,0.01125,1.85307,0.8718,0.81576,0.90782,0.69348,0.85483,0.78196,0.84198,0.60557,0.90367,1.92024,0.28212,0.64213,0.0123,0,0.016635,0.005545,0.016635,0.005545,0.016635,0.005545,0.016635,0.005545
182,75564.5,1.10207,2.71755,0.29907,0.89929,0.01122,1.7995,0.87229,0.81581,0.90835,0.69397,0.85656,0.78275,0.84221,0.60634,0.90261,1.91525,0.28199,0.64146,0.01227,0,0.0165607,0.00552025,0.0165607,0.00552025,0.0165607,0.00552025,0.0165607,0.00552025
183,75987.4,1.10037,2.7243,0.29804,0.90507,0.01117,1.78524,0.87533,0.81574,0.90868,0.69408,0.86182,0.78054,0.84235,0.60642,0.90248,1.9192,0.28211,0.6408,0.01228,0,0.0164865,0.0054955,0.0164865,0.0054955,0.0164865,0.0054955,0.0164865,0.0054955
184,76410.4,1.09871,2.70931,0.29757,0.90009,0.0112,1.80402,0.8761,0.81488,0.90905,0.69434,0.86328,0.77897,0.84184,0.6079,0.90177,1.91737,0.28202,0.64066,0.01226,0,0.0164122,0.00547075,0.0164122,0.00547075,0.0164122,0.00547075,0.0164122,0.00547075
185,76832.3,1.1009,2.71107,0.29801,0.89877,0.01122,1.80974,0.87335,0.81749,0.90949,0.69481,0.86216,0.78086,0.84239,0.60879,0.90113,1.91552,0.28174,0.64061,0.01225,0,0.016338,0.005446,0.016338,0.005446,0.016338,0.005446,0.016338,0.005446
186,77254.5,1.10351,2.72228,0.29816,0.89979,0.01121,1.82693,0.87355,0.81722,0.90977,0.69504,0.863,0.78007,0.84327,0.60886,0.90094,1.91042,0.2816,0.64056,0.01224,0,0.0162637,0.00542125,0.0162637,0.00542125,0.0162637,0.00542125,0.0162637,0.00542125
187,77676,1.09688,2.70475,0.29782,0.89826,0.01115,1.76119,0.8763,0.81644,0.90962,0.69565,0.8639,0.78101,0.84366,0.60899,0.90034,1.91037,0.28145,0.64063,0.01223,0,0.0161895,0.0053965,0.0161895,0.0053965,0.0161895,0.0053965,0.0161895,0.0053965
188,78102.3,1.09596,2.70365,0.29701,0.89609,0.01109,1.72037,0.87641,0.81581,0.90961,0.69578,0.86557,0.78086,0.84414,0.60868,0.90095,1.9118,0.2813,0.63859,0.01223,0,0.0161152,0.00537175,0.0161152,0.00537175,0.0161152,0.00537175,0.0161152,0.00537175
189,78525.8,1.09754,2.68917,0.29782,0.88651,0.01113,1.71959,0.87611,0.81608,0.90975,0.69598,0.86139,0.78173,0.84393,0.60928,0.89928,1.90896,0.2804,0.64206,0.01219,0,0.016041,0.005347,0.016041,0.005347,0.016041,0.005347,0.016041,0.005347
190,78950.6,1.09942,2.69316,0.29679,0.89414,0.01121,1.74131,0.87929,0.81313,0.90981,0.69585,0.86569,0.77708,0.8441,0.60979,0.90143,1.90732,0.2802,0.63847,0.01221,0,0.0159668,0.00532225,0.0159668,0.00532225,0.0159668,0.00532225,0.0159668,0.00532225
191,79377.8,1.09942,2.69598,0.2967,0.89294,0.01116,1.69551,0.88316,0.81155,0.91017,0.69562,0.86779,0.77705,0.8447,0.61014,0.90144,1.90662,0.28001,0.63717,0.01222,0,0.0158925,0.0052975,0.0158925,0.0052975,0.0158925,0.0052975,0.0158925,0.0052975
192,79811.3,1.09419,2.68515,0.29671,0.89093,0.01114,1.72848,0.87324,0.81785,0.91012,0.69612,0.86763,0.77498,0.84446,0.61054,0.90109,1.90389,0.27973,0.63662,0.01219,0,0.0158182,0.00527275,0.0158182,0.00527275,0.0158182,0.00527275,0.0158182,0.00527275
193,80234.3,1.09756,2.68834,0.29744,0.8874,0.01113,1.71079,0.87804,0.81691,0.91044,0.69643,0.86611,0.77804,0.8451,0.61087,0.90003,1.90445,0.27965,0.63443,0.01217,0,0.015744,0.005248,0.015744,0.005248,0.015744,0.005248,0.015744,0.005248
194,80658.1,1.09503,2.70232,0.29677,0.89163,0.0112,1.72811,0.88221,0.81119,0.9103,0.69641,0.86825,0.77787,0.84528,0.61098,0.89924,1.89874,0.27947,0.63571,0.01217,0,0.0156697,0.00522325,0.0156697,0.00522325,0.0156697,0.00522325,0.0156697,0.00522325
195,81081.8,1.09544,2.69645,0.29706,0.89097,0.01115,1.74342,0.87842,0.81392,0.9107,0.69682,0.87135,0.77414,0.84608,0.61158,0.89968,1.9008,0.27927,0.6349,0.01216,0,0.0155955,0.0051985,0.0155955,0.0051985,0.0155955,0.0051985,0.0155955,0.0051985
196,81504.4,1.0947,2.69381,0.29678,0.88915,0.01114,1.70704,0.88356,0.80992,0.91098,0.69685,0.87183,0.77209,0.84536,0.61195,0.89807,1.89888,0.27937,0.63693,0.01215,0,0.0155212,0.00517375,0.0155212,0.00517375,0.0155212,0.00517375,0.0155212,0.00517375
197,81928.1,1.09308,2.6858,0.29563,0.88808,0.0111,1.7287,0.87732,0.81707,0.91143,0.69751,0.86851,0.77259,0.84576,0.61227,0.89776,1.89827,0.27905,0.63697,0.01214,0,0.015447,0.005149,0.015447,0.005149,0.015447,0.005149,0.015447,0.005149
198,82352.2,1.0916,2.67355,0.29558,0.88726,0.01111,1.70581,0.88196,0.81518,0.9114,0.69744,0.86782,0.77625,0.84607,0.61208,0.89925,1.89667,0.27864,0.63314,0.01217,0,0.0153727,0.00512425,0.0153727,0.00512425,0.0153727,0.00512425,0.0153727,0.00512425
199,82776,1.09162,2.68136,0.29576,0.88806,0.01104,1.68281,0.88475,0.81423,0.91146,0.69757,0.86916,0.77909,0.84648,0.61198,0.89911,1.89644,0.27869,0.63163,0.01216,0,0.0152985,0.0050995,0.0152985,0.0050995,0.0152985,0.0050995,0.0152985,0.0050995
200,83198.6,1.09251,2.67667,0.29551,0.88858,0.01115,1.74036,0.88637,0.81176,0.91166,0.69791,0.87002,0.77766,0.84677,0.61203,0.8992,1.89434,0.2785,0.62892,0.01218,0,0.0152242,0.00507475,0.0152242,0.00507475,0.0152242,0.00507475,0.0152242,0.00507475
201,83621.9,1.09245,2.67605,0.29554,0.88793,0.01107,1.67657,0.87346,0.82156,0.9118,0.69825,0.86938,0.7775,0.84646,0.61264,0.89914,1.89131,0.27817,0.62668,0.01215,0,0.01515,0.00505,0.01515,0.00505,0.01515,0.00505,0.01515,0.00505
202,84044.8,1.0917,2.66221,0.29503,0.88888,0.01107,1.68468,0.88735,0.81093,0.91201,0.69872,0.87025,0.77755,0.84691,0.61338,0.89926,1.88866,0.27801,0.62496,0.01215,0,0.0150757,0.00502525,0.0150757,0.00502525,0.0150757,0.00502525,0.0150757,0.00502525
203,84468,1.08824,2.65718,0.29506,0.88873,0.0111,1.64929,0.87657,0.82147,0.91249,0.69836,0.86786,0.77928,0.84704,0.61354,0.89937,1.88351,0.27806,0.62421,0.01215,0,0.0150015,0.0050005,0.0150015,0.0050005,0.0150015,0.0050005,0.0150015,0.0050005
204,84891.9,1.09031,2.66594,0.29518,0.88646,0.01101,1.66249,0.87206,0.82305,0.91222,0.69904,0.86627,0.77814,0.84686,0.614,0.89899,1.88254,0.27789,0.62487,0.01214,0,0.0149273,0.00497575,0.0149273,0.00497575,0.0149273,0.00497575,0.0149273,0.00497575
205,85315.8,1.08791,2.6554,0.2949,0.88444,0.01102,1.64118,0.87667,0.82143,0.91229,0.69918,0.86731,0.77849,0.8472,0.61372,0.89796,1.88066,0.27773,0.62497,0.01211,0,0.014853,0.004951,0.014853,0.004951,0.014853,0.004951,0.014853,0.004951
206,85739.2,1.0889,2.65416,0.29415,0.88168,0.01104,1.65756,0.87722,0.82195,0.91279,0.69948,0.86711,0.77965,0.8477,0.61487,0.89771,1.87849,0.27746,0.62226,0.01211,0,0.0147788,0.00492625,0.0147788,0.00492625,0.0147788,0.00492625,0.0147788,0.00492625
207,86161.6,1.0878,2.65289,0.2939,0.87503,0.01105,1.62038,0.87155,0.82572,0.91274,0.69951,0.86483,0.78161,0.84775,0.6153,0.89736,1.87932,0.27727,0.62119,0.01211,0,0.0147045,0.0049015,0.0147045,0.0049015,0.0147045,0.0049015,0.0147045,0.0049015
208,86584.5,1.09065,2.65548,0.29467,0.88466,0.01102,1.66062,0.87661,0.82206,0.9128,0.69919,0.86732,0.7796,0.84759,0.61499,0.89694,1.87679,0.27727,0.62056,0.0121,0,0.0146303,0.00487675,0.0146303,0.00487675,0.0146303,0.00487675,0.0146303,0.00487675
209,87007.3,1.08842,2.62416,0.29296,0.87127,0.01105,1.61085,0.88016,0.81943,0.9131,0.6996,0.87089,0.77613,0.84761,0.6153,0.89688,1.87473,0.27706,0.61937,0.01209,0,0.014556,0.004852,0.014556,0.004852,0.014556,0.004852,0.014556,0.004852
210,87430.4,1.08782,2.66688,0.29503,0.88403,0.01101,1.64391,0.88125,0.82132,0.91406,0.70016,0.86595,0.7807,0.84777,0.61612,0.89625,1.87235,0.27711,0.61684,0.0121,0,0.0144817,0.00482725,0.0144817,0.00482725,0.0144817,0.00482725,0.0144817,0.00482725
211,87853.7,1.0867,2.64908,0.29403,0.8776,0.011,1.58189,0.88327,0.81958,0.91399,0.70068,0.86615,0.78212,0.84834,0.61642,0.89643,1.86964,0.27715,0.61593,0.01209,0,0.0144075,0.0048025,0.0144075,0.0048025,0.0144075,0.0048025,0.0144075,0.0048025
212,88276.9,1.08474,2.64024,0.29372,0.87818,0.01101,1.58544,0.87826,0.82037,0.91372,0.70048,0.86705,0.7807,0.84884,0.61681,0.89635,1.87199,0.27717,0.61592,0.01208,0,0.0143333,0.00477775,0.0143333,0.00477775,0.0143333,0.00477775,0.0143333,0.00477775
213,88700,1.08729,2.63862,0.29346,0.87705,0.01103,1.59517,0.87521,0.82116,0.91396,0.70092,0.86573,0.78133,0.84904,0.61736,0.89547,1.86859,0.27689,0.61646,0.01206,0,0.014259,0.004753,0.014259,0.004753,0.014259,0.004753,0.014259,0.004753
214,89123.7,1.08724,2.63351,0.2937,0.87549,0.01099,1.56483,0.8742,0.82487,0.91446,0.70101,0.867,0.78097,0.84928,0.6174,0.89488,1.86726,0.27671,0.61602,0.01204,0,0.0141848,0.00472825,0.0141848,0.00472825,0.0141848,0.00472825,0.0141848,0.00472825
215,89547.1,1.08334,2.63214,0.29295,0.87211,0.01096,1.57964,0.8759,0.82448,0.91489,0.70144,0.86448,0.7813,0.84823,0.61716,0.89406,1.87001,0.27638,0.61723,0.01203,0,0.0141105,0.0047035,0.0141105,0.0047035,0.0141105,0.0047035,0.0141105,0.0047035
216,89970.2,1.08345,2.62158,0.29297,0.87442,0.01096,1.55137,0.87051,0.82919,0.91495,0.70158,0.86317,0.78369,0.8492,0.61752,0.89472,1.87219,0.2762,0.61568,0.01206,0,0.0140363,0.00467875,0.0140363,0.00467875,0.0140363,0.00467875,0.0140363,0.00467875
217,90393.5,1.0859,2.62113,0.29334,0.87915,0.01097,1.57891,0.87125,0.82777,0.91517,0.70133,0.86324,0.78303,0.84918,0.61848,0.89344,1.86832,0.27605,0.61729,0.01203,0,0.013962,0.004654,0.013962,0.004654,0.013962,0.004654,0.013962,0.004654
218,90816.8,1.08446,2.6274,0.29314,0.87365,0.01095,1.6132,0.8703,0.82935,0.91547,0.7015,0.8604,0.78592,0.84958,0.61846,0.89367,1.86506,0.2757,0.61632,0.01204,0,0.0138878,0.00462925,0.0138878,0.00462925,0.0138878,0.00462925,0.0138878,0.00462925
219,91239.7,1.08343,2.63628,0.29255,0.87317,0.01105,1.64053,0.87397,0.82793,0.91566,0.7017,0.86274,0.78479,0.84967,0.61834,0.89342,1.86254,0.27552,0.61646,0.01203,0,0.0138135,0.0046045,0.0138135,0.0046045,0.0138135,0.0046045,0.0138135,0.0046045
220,91662.7,1.08234,2.61543,0.29231,0.87226,0.01099,1.58534,0.87806,0.82305,0.91551,0.70114,0.8626,0.7867,0.84992,0.61836,0.89435,1.86005,0.27535,0.61587,0.01205,0,0.0137392,0.00457975,0.0137392,0.00457975,0.0137392,0.00457975,0.0137392,0.00457975
221,92085.2,1.08275,2.61609,0.29382,0.86731,0.01094,1.52324,0.87196,0.8295,0.91601,0.70142,0.86163,0.78841,0.84986,0.61833,0.89484,1.8598,0.27531,0.61467,0.01205,0,0.013665,0.004555,0.013665,0.004555,0.013665,0.004555,0.013665,0.004555
222,92507.6,1.08324,2.61551,0.29209,0.8778,0.01098,1.55898,0.87324,0.82793,0.91616,0.7014,0.86354,0.78701,0.85033,0.61864,0.89464,1.8579,0.27524,0.6139,0.01204,0,0.0135908,0.00453025,0.0135908,0.00453025,0.0135908,0.00453025,0.0135908,0.00453025
223,92930.1,1.07733,2.60291,0.29245,0.87301,0.01091,1.55357,0.87684,0.82494,0.91622,0.7016,0.86534,0.78826,0.85042,0.61882,0.89492,1.85668,0.27513,0.6117,0.01203,0,0.0135165,0.0045055,0.0135165,0.0045055,0.0135165,0.0045055,0.0135165,0.0045055
224,93352.4,1.07789,2.60272,0.29163,0.86833,0.01089,1.52323,0.87451,0.8262,0.91609,0.70168,0.86308,0.78797,0.8504,0.61924,0.89524,1.85733,0.27487,0.61137,0.01205,0,0.0134422,0.00448075,0.0134422,0.00448075,0.0134422,0.00448075,0.0134422,0.00448075
225,93774.8,1.07642,2.59452,0.29242,0.87152,0.01091,1.49795,0.87489,0.82431,0.91557,0.70193,0.86665,0.78558,0.85011,0.61984,0.89472,1.84853,0.27462,0.6112,0.01203,0,0.013368,0.004456,0.013368,0.004456,0.013368,0.004456,0.013368,0.004456
226,94197.5,1.07755,2.59848,0.29184,0.86815,0.01094,1.51011,0.87272,0.82761,0.91575,0.70176,0.86784,0.7857,0.85045,0.61973,0.89446,1.84666,0.2743,0.611,0.01203,0,0.0132938,0.00443125,0.0132938,0.00443125,0.0132938,0.00443125,0.0132938,0.00443125
227,94619.5,1.07713,2.59238,0.29178,0.86605,0.0109,1.5166,0.87398,0.82824,0.91594,0.70243,0.86231,0.78826,0.85087,0.61948,0.89473,1.84626,0.27421,0.60991,0.01204,0,0.0132195,0.0044065,0.0132195,0.0044065,0.0132195,0.0044065,0.0132195,0.0044065
228,95042.8,1.08026,2.61081,0.2914,0.87241,0.01097,1.59077,0.87386,0.82714,0.91569,0.70198,0.86212,0.7885,0.85085,0.6196,0.89348,1.84561,0.27423,0.61049,0.01201,0,0.0131452,0.00438175,0.0131452,0.00438175,0.0131452,0.00438175,0.0131452,0.00438175
229,95465.9,1.07697,2.58467,0.29087,0.86852,0.01092,1.52267,0.87926,0.82242,0.91603,0.7017,0.8643,0.78912,0.85148,0.61952,0.89271,1.8445,0.27406,0.61045,0.01199,0,0.013071,0.004357,0.013071,0.004357,0.013071,0.004357,0.013071,0.004357
230,95888.9,1.07467,2.59314,0.29084,0.8681,0.01088,1.50714,0.8769,0.82427,0.91618,0.70184,0.86508,0.78747,0.85055,0.61944,0.89269,1.84408,0.27382,0.61,0.01199,0,0.0129967,0.00433225,0.0129967,0.00433225,0.0129967,0.00433225,0.0129967,0.00433225
231,96311.6,1.07499,2.58634,0.29149,0.86481,0.01089,1.49142,0.87505,0.82578,0.91636,0.70261,0.86504,0.78826,0.85107,0.62016,0.89223,1.84316,0.27364,0.60806,0.01199,0,0.0129225,0.0043075,0.0129225,0.0043075,0.0129225,0.0043075,0.0129225,0.0043075
232,96734.2,1.07586,2.57587,0.29065,0.86489,0.01082,1.42133,0.87229,0.82688,0.91602,0.70247,0.86386,0.78717,0.85037,0.62011,0.89212,1.84077,0.27361,0.60816,0.01198,0,0.0128483,0.00428275,0.0128483,0.00428275,0.0128483,0.00428275,0.0128483,0.00428275
233,97156.6,1.07557,2.57661,0.29118,0.86453,0.01086,1.47232,0.8662,0.83571,0.91647,0.70274,0.86155,0.7896,0.85142,0.62058,0.89146,1.83825,0.27368,0.60744,0.01197,0,0.012774,0.004258,0.012774,0.004258,0.012774,0.004258,0.012774,0.004258
234,97579.4,1.07184,2.5689,0.2901,0.86169,0.01088,1.40534,0.86783,0.83421,0.91634,0.70345,0.86484,0.78904,0.85134,0.6218,0.89122,1.83664,0.27351,0.60631,0.01196,0,0.0126997,0.00423325,0.0126997,0.00423325,0.0126997,0.00423325,0.0126997,0.00423325
235,98002.4,1.07054,2.56695,0.2903,0.85949,0.0108,1.38907,0.87103,0.82935,0.91652,0.70347,0.86601,0.78859,0.85175,0.62152,0.88996,1.83542,0.27329,0.60589,0.01193,0,0.0126255,0.0042085,0.0126255,0.0042085,0.0126255,0.0042085,0.0126255,0.0042085
236,98426.3,1.07639,2.57925,0.29067,0.85844,0.01087,1.46468,0.86852,0.83402,0.91682,0.70421,0.86449,0.79062,0.8514,0.62124,0.8881,1.836,0.27327,0.60705,0.01189,0,0.0125512,0.00418375,0.0125512,0.00418375,0.0125512,0.00418375,0.0125512,0.00418375
237,98849.4,1.07509,2.57853,0.29087,0.86095,0.01085,1.49483,0.86384,0.83899,0.91686,0.7043,0.8639,0.78967,0.85092,0.62165,0.88846,1.83657,0.27307,0.60664,0.01189,0,0.012477,0.004159,0.012477,0.004159,0.012477,0.004159,0.012477,0.004159
238,99272.3,1.0754,2.57388,0.29084,0.8638,0.01082,1.46525,0.87279,0.83281,0.91717,0.70408,0.8644,0.7908,0.85185,0.62177,0.88932,1.83289,0.27314,0.60497,0.01191,0,0.0124027,0.00413425,0.0124027,0.00413425,0.0124027,0.00413425,0.0124027,0.00413425
239,99695,1.07246,2.56367,0.29079,0.86078,0.01077,1.40504,0.87468,0.83182,0.91714,0.70488,0.86071,0.79471,0.85204,0.6222,0.88901,1.83296,0.27301,0.60245,0.0119,0,0.0123285,0.0041095,0.0123285,0.0041095,0.0123285,0.0041095,0.0123285,0.0041095
240,100118,1.06959,2.55127,0.28932,0.86073,0.01079,1.42676,0.87545,0.83434,0.91766,0.70519,0.86337,0.79219,0.85199,0.62207,0.88932,1.83451,0.27303,0.60111,0.01192,0,0.0122542,0.00408475,0.0122542,0.00408475,0.0122542,0.00408475,0.0122542,0.00408475
241,100541,1.06986,2.55133,0.28957,0.85695,0.01076,1.33758,0.87006,0.83627,0.91732,0.70469,0.86289,0.79064,0.85193,0.62191,0.88818,1.83296,0.27279,0.60267,0.01188,0,0.01218,0.00406,0.01218,0.00406,0.01218,0.00406,0.01218,0.00406
242,100964,1.06987,2.54232,0.28932,0.85547,0.01083,1.39115,0.87065,0.83643,0.91719,0.70461,0.86131,0.79096,0.85156,0.62279,0.88833,1.83334,0.27275,0.60344,0.01188,0,0.0121057,0.00403525,0.0121057,0.00403525,0.0121057,0.00403525,0.0121057,0.00403525
243,101388,1.06835,2.5428,0.28911,0.85961,0.01079,1.3766,0.86901,0.8369,0.91769,0.70479,0.86408,0.78964,0.85169,0.62274,0.88811,1.82999,0.27239,0.60238,0.01188,0,0.0120315,0.0040105,0.0120315,0.0040105,0.0120315,0.0040105,0.0120315,0.0040105
244,101811,1.0688,2.53783,0.2892,0.85234,0.01078,1.36445,0.87081,0.83548,0.9179,0.70483,0.86347,0.78967,0.8517,0.62306,0.88673,1.82917,0.27253,0.60284,0.01186,0,0.0119572,0.00398575,0.0119572,0.00398575,0.0119572,0.00398575,0.0119572,0.00398575
245,102239,1.06432,2.53238,0.28934,0.85179,0.01075,1.35706,0.87358,0.83297,0.91815,0.70583,0.86103,0.79125,0.85169,0.62391,0.88612,1.82581,0.27256,0.60071,0.01188,0,0.011883,0.003961,0.011883,0.003961,0.011883,0.003961,0.011883,0.003961
246,102663,1.06583,2.53638,0.28857,0.85304,0.01073,1.37617,0.87204,0.83471,0.91823,0.70599,0.86487,0.78873,0.85162,0.62374,0.88549,1.82526,0.27325,0.59945,0.0119,0,0.0118087,0.00393625,0.0118087,0.00393625,0.0118087,0.00393625,0.0118087,0.00393625
247,103086,1.06219,2.52578,0.28835,0.852,0.01074,1.3797,0.87278,0.83375,0.91836,0.70605,0.86492,0.78904,0.8524,0.62464,0.88547,1.82612,0.27326,0.60037,0.01188,0,0.0117345,0.0039115,0.0117345,0.0039115,0.0117345,0.0039115,0.0117345,0.0039115
248,103509,1.06298,2.53933,0.28752,0.85337,0.0107,1.39555,0.87311,0.83202,0.91849,0.70571,0.86624,0.78763,0.85286,0.62508,0.88547,1.82157,0.27311,0.60032,0.01189,0,0.0116602,0.00388675,0.0116602,0.00388675,0.0116602,0.00388675,0.0116602,0.00388675
249,103933,1.06058,2.52515,0.28833,0.84798,0.0107,1.3485,0.87126,0.8369,0.91873,0.70619,0.8635,0.78952,0.85374,0.62489,0.88529,1.81979,0.27315,0.60065,0.01188,0,0.011586,0.003862,0.011586,0.003862,0.011586,0.003862,0.011586,0.003862
250,104356,1.06481,2.52913,0.28807,0.84929,0.01075,1.38849,0.86877,0.83795,0.91875,0.70665,0.8633,0.7892,0.85335,0.62525,0.88539,1.81861,0.273,0.60035,0.01189,0,0.0115117,0.00383725,0.0115117,0.00383725,0.0115117,0.00383725,0.0115117,0.00383725
251,104779,1.06182,2.52957,0.28721,0.84547,0.01071,1.37347,0.87127,0.83321,0.91855,0.70664,0.86539,0.7892,0.85361,0.6255,0.88639,1.81637,0.2728,0.59906,0.01191,0,0.0114375,0.0038125,0.0114375,0.0038125,0.0114375,0.0038125,0.0114375,0.0038125
252,105203,1.06391,2.50775,0.2875,0.85048,0.01071,1.32873,0.86854,0.84041,0.91871,0.70673,0.85719,0.79376,0.85296,0.62585,0.88523,1.81525,0.27281,0.59506,0.0119,0,0.0113633,0.00378775,0.0113633,0.00378775,0.0113633,0.00378775,0.0113633,0.00378775
253,105626,1.06072,2.51577,0.28769,0.84925,0.01069,1.35881,0.86602,0.84084,0.91885,0.7072,0.85318,0.79707,0.85314,0.62634,0.88544,1.81035,0.27278,0.59493,0.01191,0,0.011289,0.003763,0.011289,0.003763,0.011289,0.003763,0.011289,0.003763
254,106049,1.06193,2.50988,0.28725,0.84699,0.01069,1.33341,0.86944,0.83974,0.9195,0.70778,0.85689,0.79676,0.85388,0.62676,0.88486,1.80802,0.27263,0.59356,0.01191,0,0.0112148,0.00373825,0.0112148,0.00373825,0.0112148,0.00373825,0.0112148,0.00373825
255,106472,1.06288,2.50341,0.28717,0.85115,0.0107,1.30747,0.87045,0.83879,0.91967,0.70801,0.85454,0.79786,0.85415,0.62664,0.88329,1.81143,0.27234,0.59421,0.01188,0,0.0111405,0.0037135,0.0111405,0.0037135,0.0111405,0.0037135,0.0111405,0.0037135
256,106895,1.05953,2.48338,0.2864,0.84394,0.01068,1.27679,0.87065,0.83643,0.91936,0.70828,0.86902,0.78546,0.85367,0.62679,0.8822,1.81628,0.27221,0.5947,0.01187,0,0.0110663,0.00368875,0.0110663,0.00368875,0.0110663,0.00368875,0.0110663,0.00368875
257,107319,1.05891,2.50616,0.28701,0.84921,0.01064,1.30476,0.8674,0.84162,0.91988,0.70903,0.86552,0.78931,0.85414,0.6273,0.88216,1.81366,0.27205,0.59387,0.01187,0,0.010992,0.003664,0.010992,0.003664,0.010992,0.003664,0.010992,0.003664
258,107742,1.06025,2.49071,0.28679,0.84351,0.01067,1.27857,0.86805,0.83958,0.91991,0.70888,0.85971,0.79303,0.85418,0.62761,0.88219,1.81228,0.27194,0.59313,0.01188,0,0.0109178,0.00363925,0.0109178,0.00363925,0.0109178,0.00363925,0.0109178,0.00363925
259,108166,1.05901,2.48597,0.28711,0.84131,0.01065,1.27494,0.86815,0.83958,0.91967,0.70884,0.8634,0.79125,0.85383,0.62722,0.88189,1.81218,0.27175,0.59393,0.01186,0,0.0108435,0.0036145,0.0108435,0.0036145,0.0108435,0.0036145,0.0108435,0.0036145
260,108588,1.05683,2.49336,0.28704,0.8408,0.01062,1.28221,0.86857,0.84162,0.91935,0.70868,0.85337,0.79807,0.85402,0.62857,0.88296,1.80932,0.27168,0.59151,0.01188,0,0.0107693,0.00358975,0.0107693,0.00358975,0.0107693,0.00358975,0.0107693,0.00358975
261,109012,1.05496,2.47874,0.28581,0.84015,0.01059,1.24088,0.86977,0.83958,0.91927,0.70937,0.85305,0.79723,0.85455,0.62799,0.8822,1.81008,0.27153,0.59087,0.01187,0,0.010695,0.003565,0.010695,0.003565,0.010695,0.003565,0.010695,0.003565
262,109436,1.05731,2.48075,0.28619,0.84041,0.01059,1.23774,0.86761,0.8432,0.91948,0.70896,0.86926,0.78399,0.85384,0.62776,0.88249,1.81011,0.27151,0.58856,0.01187,0,0.0106207,0.00354025,0.0106207,0.00354025,0.0106207,0.00354025,0.0106207,0.00354025
263,109860,1.05512,2.47565,0.2861,0.83761,0.01063,1.2288,0.87144,0.83627,0.91908,0.70853,0.85917,0.79251,0.85379,0.62779,0.88427,1.80965,0.27124,0.5876,0.0119,0,0.0105465,0.0035155,0.0105465,0.0035155,0.0105465,0.0035155,0.0105465,0.0035155
264,110282,1.05763,2.48268,0.28553,0.84167,0.01067,1.30714,0.86966,0.83721,0.9194,0.70896,0.86819,0.78589,0.8535,0.62799,0.88381,1.80691,0.27113,0.58782,0.01189,0,0.0104723,0.00349075,0.0104723,0.00349075,0.0104723,0.00349075,0.0104723,0.00349075
265,110706,1.0542,2.47586,0.28556,0.83745,0.01061,1.23275,0.8737,0.83313,0.9194,0.70913,0.85883,0.79111,0.85363,0.62856,0.88294,1.80942,0.2711,0.58826,0.01188,0,0.010398,0.003466,0.010398,0.003466,0.010398,0.003466,0.010398,0.003466
266,111130,1.05497,2.46994,0.28587,0.83869,0.01057,1.22022,0.87245,0.83454,0.91956,0.70936,0.8609,0.79093,0.85433,0.62914,0.88282,1.80555,0.27097,0.58881,0.01188,0,0.0103237,0.00344125,0.0103237,0.00344125,0.0103237,0.00344125,0.0103237,0.00344125
267,111553,1.05213,2.46965,0.28533,0.83577,0.01059,1.24316,0.87228,0.83548,0.91926,0.70962,0.86012,0.79125,0.85414,0.62875,0.88359,1.80563,0.27093,0.588,0.01191,0,0.0102495,0.0034165,0.0102495,0.0034165,0.0102495,0.0034165,0.0102495,0.0034165
268,111976,1.04987,2.47167,0.28496,0.83945,0.01058,1.25941,0.87098,0.83534,0.91913,0.70959,0.86121,0.78983,0.85416,0.62914,0.88383,1.80311,0.27089,0.58786,0.01192,0,0.0101753,0.00339175,0.0101753,0.00339175,0.0101753,0.00339175,0.0101753,0.00339175
269,112398,1.05066,2.45851,0.28535,0.83179,0.01054,1.18727,0.87155,0.83744,0.91911,0.70893,0.85506,0.79685,0.85478,0.63,0.8845,1.80271,0.27091,0.58708,0.01192,0,0.010101,0.003367,0.010101,0.003367,0.010101,0.003367,0.010101,0.003367
270,112822,1.05109,2.45864,0.28545,0.83541,0.01057,1.22037,0.87111,0.83674,0.91902,0.70896,0.857,0.79442,0.85467,0.63001,0.88492,1.80243,0.27094,0.58697,0.01193,0,0.0100267,0.00334225,0.0100267,0.00334225,0.0100267,0.00334225,0.0100267,0.00334225
271,113245,1.05094,2.453,0.2842,0.83657,0.01055,1.17287,0.87102,0.8367,0.91928,0.70944,0.85534,0.7959,0.85552,0.6294,0.88379,1.80097,0.27097,0.58749,0.01192,0,0.0099525,0.0033175,0.0099525,0.0033175,0.0099525,0.0033175,0.0099525,0.0033175
272,113668,1.05069,2.44307,0.28461,0.83611,0.01055,1.14366,0.8744,0.83297,0.91929,0.70966,0.85614,0.79723,0.85527,0.63009,0.88403,1.80405,0.271,0.58802,0.01192,0,0.00987825,0.00329275,0.00987825,0.00329275,0.00987825,0.00329275,0.00987825,0.00329275
273,114092,1.04591,2.42654,0.28336,0.82958,0.01049,1.18119,0.87392,0.83375,0.91894,0.70963,0.85835,0.79707,0.8552,0.63044,0.88544,1.80377,0.27086,0.58529,0.01194,0,0.009804,0.003268,0.009804,0.003268,0.009804,0.003268,0.009804,0.003268
274,114515,1.05197,2.44945,0.28433,0.8365,0.01055,1.19988,0.87595,0.83373,0.91871,0.70968,0.85781,0.79613,0.85475,0.63087,0.88492,1.80114,0.27082,0.58755,0.01192,0,0.00972975,0.00324325,0.00972975,0.00324325,0.00972975,0.00324325,0.00972975,0.00324325
275,114939,1.04701,2.44866,0.28423,0.83604,0.01053,1.21591,0.87844,0.82935,0.9184,0.70978,0.86185,0.79452,0.8554,0.63168,0.88447,1.80077,0.27068,0.58732,0.01191,0,0.0096555,0.0032185,0.0096555,0.0032185,0.0096555,0.0032185,0.0096555,0.0032185
276,115363,1.04736,2.43644,0.28322,0.83562,0.01049,1.13667,0.8779,0.82935,0.91832,0.70976,0.86135,0.79392,0.85548,0.63086,0.88356,1.8008,0.27067,0.58821,0.0119,0,0.00958125,0.00319375,0.00958125,0.00319375,0.00958125,0.00319375,0.00958125,0.00319375
277,115787,1.04353,2.42805,0.28343,0.82385,0.01052,1.18137,0.87878,0.82824,0.91852,0.71007,0.86031,0.79598,0.85594,0.63132,0.88443,1.8006,0.27028,0.58662,0.01191,0,0.009507,0.003169,0.009507,0.003169,0.009507,0.003169,0.009507,0.003169
278,116210,1.04627,2.42641,0.28379,0.83026,0.01043,1.13579,0.87523,0.83045,0.91851,0.71019,0.85785,0.79534,0.85543,0.63077,0.88456,1.79706,0.27016,0.58739,0.01191,0,0.00943275,0.00314425,0.00943275,0.00314425,0.00943275,0.00314425,0.00943275,0.00314425
279,116633,1.04146,2.40928,0.2822,0.82504,0.01043,1.11441,0.87117,0.83438,0.91845,0.70982,0.8554,0.7977,0.85637,0.63061,0.88463,1.79702,0.27003,0.58585,0.01191,0,0.0093585,0.0031195,0.0093585,0.0031195,0.0093585,0.0031195,0.0093585,0.0031195
280,117057,1.04165,2.39338,0.2818,0.82094,0.01043,1.07347,0.8729,0.8325,0.91843,0.7098,0.86162,0.79471,0.85649,0.63107,0.8847,1.79333,0.2701,0.58432,0.01191,0,0.00928425,0.00309475,0.00928425,0.00309475,0.00928425,0.00309475,0.00928425,0.00309475
281,117481,1.04232,2.41693,0.28255,0.82768,0.01047,1.15678,0.87657,0.83029,0.91821,0.70972,0.86337,0.79455,0.85653,0.63175,0.88391,1.7938,0.27011,0.58591,0.0119,0,0.00921,0.00307,0.00921,0.00307,0.00921,0.00307,0.00921,0.00307
282,117905,1.04336,2.41222,0.28325,0.8232,0.01044,1.12185,0.87618,0.83108,0.91831,0.70998,0.86084,0.79468,0.85629,0.63164,0.88337,1.79154,0.26996,0.58624,0.01189,0,0.00913575,0.00304525,0.00913575,0.00304525,0.00913575,0.00304525,0.00913575,0.00304525
283,118328,1.04446,2.40661,0.28273,0.8248,0.01046,1.10514,0.8742,0.83297,0.91899,0.71005,0.86303,0.79424,0.85685,0.63206,0.88295,1.78881,0.26986,0.58572,0.0119,0,0.0090615,0.0030205,0.0090615,0.0030205,0.0090615,0.0030205,0.0090615,0.0030205
284,118751,1.04116,2.40846,0.28249,0.82567,0.0104,1.11833,0.87584,0.83328,0.91912,0.71042,0.86427,0.79565,0.85723,0.63268,0.88325,1.78814,0.26986,0.58557,0.0119,0,0.00898725,0.00299575,0.00898725,0.00299575,0.00898725,0.00299575,0.00898725,0.00299575
285,119175,1.04146,2.40235,0.28185,0.82156,0.01045,1.13045,0.87544,0.83314,0.91926,0.71047,0.86346,0.79518,0.85655,0.63268,0.88335,1.78646,0.26961,0.58422,0.0119,0,0.008913,0.002971,0.008913,0.002971,0.008913,0.002971,0.008913,0.002971
286,119599,1.0395,2.39866,0.28094,0.82586,0.01044,1.07423,0.87648,0.83186,0.91897,0.71078,0.86057,0.7955,0.85652,0.63318,0.88273,1.78444,0.26944,0.58487,0.01188,0,0.00883875,0.00294625,0.00883875,0.00294625,0.00883875,0.00294625,0.00883875,0.00294625
287,120023,1.04097,2.38821,0.28089,0.82416,0.01046,1.11058,0.87804,0.83265,0.91955,0.71122,0.86397,0.79592,0.85684,0.63389,0.8806,1.78457,0.26941,0.58757,0.01182,0,0.0087645,0.0029215,0.0087645,0.0029215,0.0087645,0.0029215,0.0087645,0.0029215
288,120447,1.03909,2.38085,0.28011,0.8186,0.01043,1.0643,0.87674,0.83391,0.91983,0.71123,0.86167,0.79597,0.85772,0.63455,0.88019,1.78934,0.26933,0.59014,0.0118,0,0.00869025,0.00289675,0.00869025,0.00289675,0.00869025,0.00289675,0.00869025,0.00289675
289,120870,1.03467,2.38604,0.28112,0.82007,0.01036,1.00822,0.87385,0.83538,0.91996,0.71136,0.85968,0.79767,0.85806,0.63438,0.88,1.78869,0.26932,0.58876,0.0118,0,0.008616,0.002872,0.008616,0.002872,0.008616,0.002872,0.008616,0.002872
290,121294,1.03308,2.38065,0.28022,0.81936,0.01033,1.03874,0.87711,0.83375,0.91996,0.71167,0.85666,0.80022,0.85813,0.63419,0.88023,1.78505,0.26911,0.58811,0.01181,0,0.00854175,0.00284725,0.00854175,0.00284725,0.00854175,0.00284725,0.00854175,0.00284725
291,121717,1.03543,2.37779,0.28111,0.81716,0.01032,1.06064,0.87155,0.83636,0.91982,0.71174,0.8607,0.79766,0.85748,0.63448,0.87989,1.78178,0.26898,0.58742,0.01179,0,0.0084675,0.0028225,0.0084675,0.0028225,0.0084675,0.0028225,0.0084675,0.0028225
292,122141,1.03666,2.37113,0.28008,0.81153,0.01031,0.99954,0.87234,0.83769,0.92039,0.71212,0.85891,0.79943,0.85843,0.6351,0.87917,1.77271,0.26893,0.58259,0.01182,0,0.00839325,0.00279775,0.00839325,0.00279775,0.00839325,0.00279775,0.00839325,0.00279775
293,122565,1.03166,2.36409,0.27961,0.81625,0.01034,1.00967,0.87581,0.83375,0.92029,0.71226,0.86248,0.79754,0.85814,0.63522,0.87824,1.77477,0.26904,0.58231,0.0118,0,0.008319,0.002773,0.008319,0.002773,0.008319,0.002773,0.008319,0.002773
294,122989,1.03564,2.36859,0.27987,0.81657,0.01029,1.02344,0.8771,0.83328,0.91911,0.71247,0.86251,0.79703,0.85777,0.6355,0.87849,1.77261,0.26897,0.58002,0.0118,0,0.00824475,0.00274825,0.00824475,0.00274825,0.00824475,0.00274825,0.00824475,0.00274825
295,123413,1.0346,2.37322,0.27985,0.81479,0.01032,1.03572,0.87471,0.83423,0.91858,0.71252,0.86365,0.79849,0.85842,0.63563,0.87782,1.77158,0.26876,0.58082,0.01179,0,0.0081705,0.0027235,0.0081705,0.0027235,0.0081705,0.0027235,0.0081705,0.0027235
296,123837,1.0314,2.35391,0.27937,0.81227,0.01028,0.99597,0.87492,0.83581,0.91906,0.71264,0.86409,0.79971,0.85896,0.63592,0.87806,1.7712,0.26856,0.57962,0.01178,0,0.00809625,0.00269875,0.00809625,0.00269875,0.00809625,0.00269875,0.00809625,0.00269875
297,124260,1.03052,2.34836,0.27879,0.80924,0.01031,0.9943,0.87362,0.83796,0.91913,0.71289,0.86194,0.79991,0.85862,0.63567,0.87763,1.77042,0.26817,0.58048,0.01178,0,0.008022,0.002674,0.008022,0.002674,0.008022,0.002674,0.008022,0.002674
298,124684,1.02685,2.34667,0.27888,0.81217,0.01023,0.97146,0.87661,0.83706,0.91951,0.71302,0.86413,0.7977,0.85952,0.63589,0.87762,1.76984,0.26821,0.57907,0.01177,0,0.00794775,0.00264925,0.00794775,0.00264925,0.00794775,0.00264925,0.00794775,0.00264925
299,125108,1.02856,2.3315,0.2784,0.80876,0.01027,0.96519,0.87412,0.84069,0.91981,0.71343,0.85887,0.80337,0.85974,0.63694,0.87691,1.76699,0.268,0.57954,0.01175,0,0.0078735,0.0026245,0.0078735,0.0026245,0.0078735,0.0026245,0.0078735,0.0026245
300,125531,1.02848,2.33217,0.27873,0.81382,0.01026,0.94797,0.87872,0.8358,0.91972,0.71378,0.86722,0.79723,0.85978,0.6368,0.87554,1.76421,0.26754,0.58113,0.01171,0,0.00779925,0.00259975,0.00779925,0.00259975,0.00779925,0.00259975,0.00779925,0.00259975
301,125956,1.03294,2.33045,0.27867,0.80846,0.01026,0.9144,0.87868,0.83464,0.92094,0.71401,0.86351,0.79876,0.86005,0.63734,0.87519,1.7629,0.26737,0.58169,0.0117,0,0.007725,0.002575,0.007725,0.002575,0.007725,0.002575,0.007725,0.002575
302,126378,1.02599,2.3278,0.2779,0.80473,0.01026,0.91282,0.86991,0.84068,0.91893,0.7137,0.859,0.80279,0.85925,0.63713,0.87429,1.7619,0.26729,0.58111,0.0117,0,0.00765075,0.00255025,0.00765075,0.00255025,0.00765075,0.00255025,0.00765075,0.00255025
303,126800,1.02792,2.33412,0.27833,0.80881,0.01024,0.93043,0.87123,0.83974,0.91909,0.71384,0.85452,0.80541,0.85921,0.63733,0.87391,1.75807,0.26704,0.58102,0.01168,0,0.0075765,0.0025255,0.0075765,0.0025255,0.0075765,0.0025255,0.0075765,0.0025255
304,127223,1.02733,2.32094,0.27759,0.80313,0.01024,0.92269,0.87422,0.83816,0.91923,0.71412,0.85773,0.80393,0.85952,0.63764,0.87416,1.75742,0.26716,0.57892,0.01168,0,0.00750225,0.00250075,0.00750225,0.00250075,0.00750225,0.00250075,0.00750225,0.00250075
305,127647,1.02583,2.31245,0.27731,0.80491,0.01025,0.92942,0.87291,0.83801,0.91935,0.71404,0.85704,0.80314,0.8595,0.63717,0.87501,1.75671,0.26635,0.57784,0.01168,0,0.007428,0.002476,0.007428,0.002476,0.007428,0.002476,0.007428,0.002476
306,128070,1.02236,2.30838,0.27697,0.79871,0.01021,0.92604,0.87907,0.83486,0.91906,0.7135,0.86021,0.80307,0.85948,0.63725,0.87353,1.75709,0.26616,0.58003,0.01166,0,0.00735375,0.00245125,0.00735375,0.00245125,0.00735375,0.00245125,0.00735375,0.00245125
307,128492,1.02319,2.30343,0.27672,0.79964,0.01022,0.87548,0.88231,0.83328,0.92071,0.71399,0.86222,0.80001,0.85979,0.63762,0.87353,1.75596,0.26618,0.5775,0.01166,0,0.0072795,0.0024265,0.0072795,0.0024265,0.0072795,0.0024265,0.0072795,0.0024265
308,128915,1.02441,2.31229,0.27649,0.79934,0.01023,0.89324,0.88131,0.83375,0.9199,0.71414,0.86412,0.79996,0.85983,0.63754,0.87239,1.75608,0.26597,0.57869,0.01164,0,0.00720525,0.00240175,0.00720525,0.00240175,0.00720525,0.00240175,0.00720525,0.00240175
309,129349,1.01678,2.2855,0.27655,0.79729,0.01013,0.82958,0.88087,0.83349,0.91983,0.71378,0.86513,0.79775,0.86012,0.63741,0.87265,1.7558,0.26583,0.57779,0.01164,0,0.007131,0.002377,0.007131,0.002377,0.007131,0.002377,0.007131,0.002377
310,129772,1.0238,2.29948,0.27694,0.79977,0.01017,0.86101,0.88272,0.83302,0.92,0.71432,0.86103,0.80182,0.86037,0.63792,0.87124,1.75346,0.26576,0.57773,0.01162,0,0.00705675,0.00235225,0.00705675,0.00235225,0.00705675,0.00235225,0.00705675,0.00235225
311,130196,1.01932,2.28397,0.27579,0.79566,0.01017,0.81922,0.87949,0.83754,0.92058,0.7146,0.85873,0.80321,0.8613,0.63889,0.87166,1.75325,0.2655,0.57508,0.01164,0,0.0069825,0.0023275,0.0069825,0.0023275,0.0069825,0.0023275,0.0069825,0.0023275
312,130618,1.01671,2.28264,0.27583,0.79386,0.01017,0.85019,0.88047,0.83496,0.92221,0.71495,0.86145,0.80054,0.86182,0.63905,0.87131,1.74985,0.26541,0.57472,0.01163,0,0.00690825,0.00230275,0.00690825,0.00230275,0.00690825,0.00230275,0.00690825,0.00230275
313,131040,1.01715,2.26853,0.27594,0.79212,0.01009,0.82293,0.88096,0.83611,0.92254,0.7149,0.8641,0.80054,0.86214,0.63962,0.87182,1.7499,0.2654,0.57178,0.01163,0,0.006834,0.002278,0.006834,0.002278,0.006834,0.002278,0.006834,0.002278
314,131462,1.01506,2.27814,0.27538,0.79515,0.01011,0.80906,0.87908,0.84006,0.92128,0.71486,0.86143,0.8045,0.86225,0.63991,0.87182,1.75234,0.26545,0.57152,0.01163,0,0.00675975,0.00225325,0.00675975,0.00225325,0.00675975,0.00225325,0.00675975,0.00225325
315,131885,1.01568,2.26601,0.27455,0.79505,0.01014,0.82733,0.87937,0.83895,0.92287,0.71516,0.8634,0.80416,0.86279,0.64016,0.87054,1.74844,0.26549,0.57115,0.01161,0,0.0066855,0.0022285,0.0066855,0.0022285,0.0066855,0.0022285,0.0066855,0.0022285
316,132309,1.01165,2.25346,0.27417,0.78632,0.01007,0.74162,0.87936,0.83769,0.92229,0.71476,0.86473,0.80494,0.86302,0.63998,0.87019,1.74601,0.26537,0.57162,0.01158,0,0.00661125,0.00220375,0.00661125,0.00220375,0.00661125,0.00220375,0.00661125,0.00220375
317,132734,1.01414,2.2496,0.27524,0.7866,0.01006,0.79838,0.87631,0.83911,0.92256,0.71565,0.86681,0.80125,0.86316,0.64036,0.86994,1.74403,0.26532,0.57064,0.01158,0,0.006537,0.002179,0.006537,0.002179,0.006537,0.002179,0.006537,0.002179
318,133158,1.01654,2.2545,0.27443,0.78678,0.0101,0.7968,0.87886,0.83717,0.92236,0.71563,0.86608,0.80305,0.86278,0.64022,0.86947,1.7431,0.26519,0.57018,0.01158,0,0.00646275,0.00215425,0.00646275,0.00215425,0.00646275,0.00215425,0.00646275,0.00215425
319,133582,1.01388,2.25728,0.27452,0.78398,0.01006,0.78981,0.88554,0.83553,0.92105,0.71549,0.86739,0.80317,0.86274,0.64061,0.86937,1.74222,0.26501,0.57128,0.01157,0,0.0063885,0.0021295,0.0063885,0.0021295,0.0063885,0.0021295,0.0063885,0.0021295
320,134006,1.015,2.24598,0.27415,0.78365,0.01004,0.75804,0.88335,0.83611,0.92252,0.71552,0.86666,0.80427,0.86296,0.64053,0.86904,1.74217,0.26505,0.57177,0.01155,0,0.00631425,0.00210475,0.00631425,0.00210475,0.00631425,0.00210475,0.00631425,0.00210475
321,134429,1.01314,2.24076,0.27438,0.78644,0.01006,0.72707,0.88658,0.83391,0.92238,0.71556,0.87019,0.80022,0.86273,0.63995,0.86932,1.73794,0.26498,0.5716,0.01157,0,0.00624,0.00208,0.00624,0.00208,0.00624,0.00208,0.00624,0.00208
322,134852,1.01108,2.25093,0.27416,0.78505,0.01004,0.78849,0.88515,0.83596,0.92258,0.71578,0.87017,0.80006,0.8622,0.63993,0.86862,1.73805,0.26496,0.57091,0.01155,0,0.00616575,0.00205525,0.00616575,0.00205525,0.00616575,0.00205525,0.00616575,0.00205525
323,135275,1.00579,2.21811,0.27235,0.78052,0.00996,0.69505,0.88121,0.83816,0.92244,0.71576,0.87018,0.80006,0.86252,0.64017,0.86826,1.74005,0.26495,0.57104,0.01156,0,0.0060915,0.0020305,0.0060915,0.0020305,0.0060915,0.0020305,0.0060915,0.0020305
324,135699,1.00647,2.21548,0.27315,0.78064,0.00999,0.74782,0.88256,0.83648,0.92226,0.7153,0.86742,0.8029,0.86223,0.64002,0.86784,1.73775,0.2646,0.57155,0.01156,0,0.00601725,0.00200575,0.00601725,0.00200575,0.00601725,0.00200575,0.00601725,0.00200575
325,136122,1.00701,2.22425,0.27315,0.78354,0.00996,0.71516,0.88424,0.83695,0.92239,0.7155,0.86635,0.80384,0.8625,0.64016,0.86754,1.73663,0.26446,0.57052,0.01155,0,0.005943,0.001981,0.005943,0.001981,0.005943,0.001981,0.005943,0.001981
326,136546,1.00426,2.21281,0.27141,0.7758,0.01002,0.70096,0.88362,0.83832,0.92201,0.71572,0.86569,0.80337,0.86233,0.6405,0.86663,1.73284,0.26453,0.57077,0.01154,0,0.00586875,0.00195625,0.00586875,0.00195625,0.00586875,0.00195625,0.00586875,0.00195625
327,136969,1.00681,2.22349,0.27213,0.77947,0.00997,0.72838,0.88446,0.83832,0.92275,0.71599,0.86505,0.80428,0.86247,0.64112,0.8669,1.73251,0.26439,0.56901,0.01153,0,0.0057945,0.0019315,0.0057945,0.0019315,0.0057945,0.0019315,0.0057945,0.0019315
328,137393,1.00394,2.20868,0.27274,0.77886,0.00996,0.6588,0.88365,0.83934,0.92264,0.71613,0.86363,0.80559,0.86241,0.64141,0.86656,1.72904,0.26426,0.56922,0.01153,0,0.00572025,0.00190675,0.00572025,0.00190675,0.00572025,0.00190675,0.00572025,0.00190675
329,137817,1.00331,2.18986,0.27097,0.77123,0.00998,0.64432,0.88487,0.83848,0.92269,0.71667,0.86449,0.80526,0.86352,0.64201,0.86612,1.72807,0.26415,0.56899,0.01152,0,0.005646,0.001882,0.005646,0.001882,0.005646,0.001882,0.005646,0.001882
330,138241,1.00286,2.19494,0.2715,0.7754,0.00993,0.63513,0.8815,0.8421,0.92269,0.71645,0.86714,0.80759,0.86414,0.64262,0.86536,1.7256,0.26359,0.56913,0.01149,0,0.00557175,0.00185725,0.00557175,0.00185725,0.00557175,0.00185725,0.00557175,0.00185725
331,138664,1.0015,2.19079,0.27055,0.77311,0.00994,0.6238,0.87903,0.84084,0.92117,0.71608,0.86657,0.80569,0.86372,0.64264,0.86518,1.72115,0.26354,0.57013,0.01151,0,0.0054975,0.0018325,0.0054975,0.0018325,0.0054975,0.0018325,0.0054975,0.0018325
332,139087,0.9996,2.17231,0.27097,0.768,0.00992,0.59957,0.88027,0.84147,0.92173,0.71659,0.86813,0.80715,0.86401,0.6424,0.86512,1.71886,0.26348,0.56842,0.0115,0,0.00542325,0.00180775,0.00542325,0.00180775,0.00542325,0.00180775,0.00542325,0.00180775
333,139509,0.99712,2.1826,0.27043,0.77336,0.00988,0.63652,0.88305,0.84005,0.92174,0.71667,0.86821,0.80668,0.8639,0.64285,0.86479,1.71684,0.26325,0.56899,0.01149,0,0.005349,0.001783,0.005349,0.001783,0.005349,0.001783,0.005349,0.001783
334,139932,0.99637,2.16571,0.27016,0.76834,0.00985,0.6178,0.88272,0.84013,0.92157,0.71699,0.86618,0.80805,0.86379,0.6425,0.86372,1.71332,0.26307,0.57068,0.01149,0,0.00527475,0.00175825,0.00527475,0.00175825,0.00527475,0.00175825,0.00527475,0.00175825
335,140355,0.99455,2.15876,0.26933,0.76574,0.00988,0.57538,0.88472,0.83853,0.92136,0.717,0.86618,0.80811,0.86375,0.64295,0.8636,1.7158,0.26325,0.571,0.01149,0,0.0052005,0.0017335,0.0052005,0.0017335,0.0052005,0.0017335,0.0052005,0.0017335
336,140779,0.99495,2.15191,0.26974,0.76911,0.00985,0.57828,0.88866,0.83501,0.92272,0.71755,0.87015,0.80447,0.86387,0.64293,0.86311,1.71435,0.26303,0.57078,0.01149,0,0.00512625,0.00170875,0.00512625,0.00170875,0.00512625,0.00170875,0.00512625,0.00170875
337,141203,0.99343,2.15989,0.26964,0.76647,0.00983,0.60981,0.88843,0.83596,0.92278,0.71732,0.86895,0.80557,0.86395,0.64304,0.86306,1.71439,0.26291,0.56988,0.01148,0,0.005052,0.001684,0.005052,0.001684,0.005052,0.001684,0.005052,0.001684
338,141625,0.99394,2.15057,0.26864,0.76208,0.00984,0.56675,0.88722,0.83753,0.92292,0.71773,0.87133,0.80487,0.86432,0.6436,0.86426,1.71216,0.263,0.56767,0.0115,0,0.00497775,0.00165925,0.00497775,0.00165925,0.00497775,0.00165925,0.00497775,0.00165925
339,142048,0.99358,2.14772,0.26935,0.7621,0.0098,0.54734,0.88638,0.83758,0.92162,0.71777,0.87215,0.80368,0.86429,0.64386,0.8653,1.7113,0.26274,0.5652,0.01151,0,0.0049035,0.0016345,0.0049035,0.0016345,0.0049035,0.0016345,0.0049035,0.0016345
340,142472,0.99325,2.14866,0.26871,0.76041,0.0098,0.57761,0.88582,0.83789,0.92122,0.71705,0.87105,0.80431,0.86431,0.64385,0.8638,1.71312,0.26249,0.56828,0.01149,0,0.00482925,0.00160975,0.00482925,0.00160975,0.00482925,0.00160975,0.00482925,0.00160975
341,142896,0.99008,2.13547,0.26832,0.76147,0.00975,0.54372,0.88472,0.83926,0.92153,0.71765,0.87043,0.80447,0.86436,0.64399,0.86329,1.71284,0.2624,0.56932,0.01147,0,0.004755,0.001585,0.004755,0.001585,0.004755,0.001585,0.004755,0.001585
342,143320,0.98879,2.12833,0.26705,0.76037,0.00975,0.54431,0.87948,0.84288,0.92145,0.71769,0.86983,0.80447,0.86476,0.64392,0.86339,1.71264,0.26228,0.56837,0.01148,0,0.00468075,0.00156025,0.00468075,0.00156025,0.00468075,0.00156025,0.00468075,0.00156025
343,143743,0.98892,2.12728,0.26734,0.75423,0.00977,0.52877,0.88525,0.83863,0.92182,0.71783,0.86888,0.80537,0.86515,0.64415,0.86361,1.70933,0.26224,0.56927,0.01148,0,0.0046065,0.0015355,0.0046065,0.0015355,0.0046065,0.0015355,0.0046065,0.0015355
344,144167,0.98736,2.12649,0.26715,0.75727,0.00978,0.54304,0.87792,0.84572,0.92173,0.71786,0.86865,0.80585,0.86539,0.64424,0.86343,1.70874,0.26196,0.56997,0.01148,0,0.00453225,0.00151075,0.00453225,0.00151075,0.00453225,0.00151075,0.00453225,0.00151075
345,144591,0.9876,2.10508,0.26661,0.7562,0.00976,0.49734,0.87724,0.84603,0.92314,0.71778,0.86548,0.8083,0.86483,0.64434,0.86291,1.70768,0.26143,0.56876,0.01148,0,0.004458,0.001486,0.004458,0.001486,0.004458,0.001486,0.004458,0.001486
346,145015,0.98636,2.10749,0.26742,0.75194,0.0097,0.43714,0.87962,0.84436,0.92174,0.71752,0.86635,0.80856,0.86514,0.64423,0.86247,1.70784,0.26132,0.56847,0.01148,0,0.00438375,0.00146125,0.00438375,0.00146125,0.00438375,0.00146125,0.00438375,0.00146125
347,145440,0.98459,2.09769,0.26577,0.75001,0.00972,0.42944,0.88259,0.84021,0.92151,0.71774,0.86869,0.80589,0.86501,0.64446,0.86209,1.70965,0.26134,0.56777,0.01148,0,0.0043095,0.0014365,0.0043095,0.0014365,0.0043095,0.0014365,0.0043095,0.0014365
348,145864,0.98413,2.09223,0.26565,0.7547,0.00968,0.4639,0.88451,0.84158,0.92198,0.71792,0.8686,0.80872,0.86517,0.64418,0.86332,1.71006,0.26128,0.56579,0.01149,0,0.00423525,0.00141175,0.00423525,0.00141175,0.00423525,0.00141175,0.00423525,0.00141175
349,146291,0.98091,2.07194,0.26559,0.74952,0.00964,0.40639,0.8835,0.84288,0.92249,0.71833,0.87132,0.80668,0.86561,0.64488,0.86279,1.71038,0.26125,0.56635,0.01147,0,0.004161,0.001387,0.004161,0.001387,0.004161,0.001387,0.004161,0.001387
350,146715,0.98197,2.08341,0.26553,0.75008,0.00964,0.46134,0.88379,0.84257,0.9221,0.71842,0.87013,0.80778,0.86564,0.64483,0.86279,1.70357,0.26123,0.56558,0.01148,0,0.00408675,0.00136225,0.00408675,0.00136225,0.00408675,0.00136225,0.00408675,0.00136225
351,147138,0.97984,2.07563,0.26486,0.74501,0.00967,0.41957,0.88321,0.84131,0.92175,0.718,0.86806,0.80791,0.86523,0.6444,0.86299,1.70232,0.26111,0.56588,0.01148,0,0.0040125,0.0013375,0.0040125,0.0013375,0.0040125,0.0013375,0.0040125,0.0013375
352,147562,0.97664,2.06069,0.26457,0.74395,0.00966,0.39583,0.88165,0.84204,0.92203,0.71853,0.87063,0.80589,0.86513,0.64462,0.863,1.70268,0.26108,0.56478,0.0115,0,0.00393825,0.00131275,0.00393825,0.00131275,0.00393825,0.00131275,0.00393825,0.00131275
353,147986,0.97463,2.05523,0.26389,0.74218,0.00958,0.38307,0.88181,0.84178,0.92173,0.71877,0.87184,0.80534,0.86546,0.64522,0.86259,1.70173,0.26096,0.56607,0.01148,0,0.003864,0.001288,0.003864,0.001288,0.003864,0.001288,0.003864,0.001288
354,148409,0.97875,2.06386,0.26353,0.74261,0.00964,0.35237,0.88191,0.84178,0.92197,0.71876,0.87144,0.80679,0.86507,0.64495,0.86219,1.70118,0.26082,0.56523,0.01147,0,0.00378975,0.00126325,0.00378975,0.00126325,0.00378975,0.00126325,0.00378975,0.00126325
355,148832,0.97905,2.05879,0.26379,0.74269,0.00962,0.39371,0.88089,0.84178,0.92189,0.71879,0.87024,0.80663,0.86477,0.64465,0.86115,1.70039,0.26072,0.56669,0.01145,0,0.0037155,0.0012385,0.0037155,0.0012385,0.0037155,0.0012385,0.0037155,0.0012385
356,149256,0.97813,2.05172,0.2639,0.7409,0.00958,0.31502,0.8817,0.8421,0.92194,0.71876,0.86515,0.81124,0.86445,0.64464,0.8603,1.70137,0.26074,0.56749,0.01145,0,0.00364125,0.00121375,0.00364125,0.00121375,0.00364125,0.00121375,0.00364125,0.00121375
357,149678,0.97442,2.04433,0.26242,0.74306,0.00963,0.32948,0.88111,0.84357,0.92262,0.71979,0.86475,0.81227,0.86505,0.64577,0.85992,1.69979,0.26099,0.56786,0.01145,0,0.003567,0.001189,0.003567,0.001189,0.003567,0.001189,0.003567,0.001189
358,150101,0.97165,2.02709,0.26244,0.73313,0.00953,0.29602,0.88217,0.84399,0.92244,0.71967,0.86397,0.81294,0.86519,0.64627,0.86155,1.70229,0.26076,0.56284,0.01148,0,0.00349275,0.00116425,0.00349275,0.00116425,0.00349275,0.00116425,0.00349275,0.00116425
359,150525,0.96992,2.02492,0.26135,0.7307,0.00953,0.27252,0.88461,0.8412,0.92245,0.71981,0.86371,0.81211,0.86542,0.64668,0.86055,1.70206,0.26053,0.56262,0.01148,0,0.0034185,0.0011395,0.0034185,0.0011395,0.0034185,0.0011395,0.0034185,0.0011395
360,150948,0.97124,2.03295,0.26174,0.73764,0.0095,0.30609,0.87991,0.84446,0.92187,0.71959,0.86402,0.81127,0.86513,0.64707,0.86066,1.70299,0.26049,0.56347,0.01147,0,0.00334425,0.00111475,0.00334425,0.00111475,0.00334425,0.00111475,0.00334425,0.00111475
361,151371,0.97006,2.02252,0.26181,0.73891,0.00957,0.26635,0.8842,0.84084,0.92166,0.71943,0.86443,0.80919,0.86455,0.64723,0.86012,1.70404,0.26054,0.56451,0.01147,0,0.00327,0.00109,0.00327,0.00109,0.00327,0.00109,0.00327,0.00109
362,151795,0.96917,2.01272,0.26097,0.73133,0.00951,0.26763,0.88154,0.84467,0.92175,0.7197,0.86656,0.80982,0.86455,0.64698,0.86068,1.70518,0.26043,0.5637,0.01148,0,0.00319575,0.00106525,0.00319575,0.00106525,0.00319575,0.00106525,0.00319575,0.00106525
363,152220,0.96434,1.99434,0.26023,0.72663,0.00947,0.24399,0.87949,0.84603,0.92164,0.71952,0.8644,0.81108,0.86466,0.64745,0.85859,1.70486,0.2602,0.56662,0.01145,0,0.0031215,0.0010405,0.0031215,0.0010405,0.0031215,0.0010405,0.0031215,0.0010405
364,152643,0.96875,1.99827,0.26015,0.73033,0.00949,0.2427,0.88161,0.84173,0.92154,0.7193,0.86522,0.80948,0.8649,0.64713,0.85904,1.70632,0.25992,0.56596,0.01147,0,0.00304725,0.00101575,0.00304725,0.00101575,0.00304725,0.00101575,0.00304725,0.00101575
365,153068,0.96737,2.00038,0.25865,0.7302,0.00949,0.201,0.87774,0.84509,0.92175,0.71918,0.86304,0.81297,0.86499,0.64722,0.85859,1.70708,0.25975,0.56526,0.01145,0,0.002973,0.000991,0.002973,0.000991,0.002973,0.000991,0.002973,0.000991
366,153491,0.96451,1.9829,0.25863,0.72859,0.00948,0.19242,0.88264,0.84062,0.92169,0.71898,0.86388,0.81281,0.86511,0.64792,0.85877,1.70839,0.25985,0.56501,0.01146,0,0.00289875,0.00096625,0.00289875,0.00096625,0.00289875,0.00096625,0.00289875,0.00096625
367,153914,0.96353,1.97538,0.25801,0.72289,0.00943,0.2045,0.8798,0.84131,0.92155,0.71945,0.86278,0.81329,0.86555,0.64771,0.8585,1.7089,0.2596,0.56449,0.01145,0,0.0028245,0.0009415,0.0028245,0.0009415,0.0028245,0.0009415,0.0028245,0.0009415
368,154339,0.95831,1.96559,0.25712,0.72639,0.00941,0.20571,0.87714,0.8441,0.92189,0.71991,0.86242,0.81407,0.86563,0.64811,0.85749,1.71055,0.25949,0.56438,0.01143,0,0.00275025,0.00091675,0.00275025,0.00091675,0.00275025,0.00091675,0.00275025,0.00091675
369,154763,0.96249,1.97199,0.25747,0.72706,0.00941,0.18507,0.87651,0.84478,0.92193,0.71971,0.86303,0.81439,0.86562,0.64816,0.85771,1.71075,0.25935,0.56362,0.01143,0,0.002676,0.000892,0.002676,0.000892,0.002676,0.000892,0.002676,0.000892
370,155187,0.95911,1.96214,0.25789,0.72335,0.00939,0.1861,0.87676,0.84446,0.92186,0.71988,0.863,0.81313,0.86554,0.64781,0.85721,1.70962,0.25916,0.56323,0.0114,0,0.00260175,0.00086725,0.00260175,0.00086725,0.00260175,0.00086725,0.00260175,0.00086725
371,155611,0.95921,1.9577,0.25654,0.71844,0.00942,0.17652,0.87502,0.84431,0.92184,0.72058,0.86172,0.81131,0.86485,0.64773,0.85661,1.71169,0.25919,0.56317,0.0114,0,0.0025275,0.0008425,0.0025275,0.0008425,0.0025275,0.0008425,0.0025275,0.0008425
372,156036,0.95613,1.95213,0.25664,0.71817,0.00938,0.19802,0.87591,0.84462,0.92164,0.72006,0.86087,0.81234,0.86485,0.64734,0.85687,1.71147,0.259,0.56293,0.01139,0,0.00245325,0.00081775,0.00245325,0.00081775,0.00245325,0.00081775,0.00245325,0.00081775
373,156459,0.95769,1.94548,0.2557,0.71948,0.00941,0.16468,0.87635,0.84462,0.92198,0.72094,0.8629,0.81154,0.86499,0.64764,0.85685,1.71317,0.25891,0.56219,0.01139,0,0.002379,0.000793,0.002379,0.000793,0.002379,0.000793,0.002379,0.000793
374,156883,0.95703,1.93825,0.25451,0.71846,0.00939,0.12159,0.87563,0.84462,0.92183,0.72095,0.8601,0.81107,0.86505,0.64726,0.8562,1.71341,0.25868,0.56201,0.01138,0,0.00230475,0.00076825,0.00230475,0.00076825,0.00230475,0.00076825,0.00230475,0.00076825
375,157308,0.9565,1.93634,0.25582,0.71563,0.00934,0.13314,0.87918,0.84241,0.92215,0.72091,0.86506,0.8094,0.86593,0.64788,0.85641,1.71455,0.25853,0.56165,0.01139,0,0.0022305,0.0007435,0.0022305,0.0007435,0.0022305,0.0007435,0.0022305,0.0007435
376,157732,0.95443,1.92032,0.25369,0.71333,0.00935,0.09164,0.87873,0.8432,0.92233,0.72139,0.86198,0.81216,0.86569,0.64851,0.85691,1.71482,0.25832,0.56079,0.0114,0,0.00215625,0.00071875,0.00215625,0.00071875,0.00215625,0.00071875,0.00215625,0.00071875
377,158156,0.95198,1.91679,0.25295,0.71178,0.00935,0.09899,0.87726,0.8432,0.92202,0.72156,0.86067,0.81102,0.8656,0.6481,0.85684,1.71545,0.25831,0.56014,0.01139,0,0.002082,0.000694,0.002082,0.000694,0.002082,0.000694,0.002082,0.000694
378,158579,0.95286,1.92464,0.25296,0.7074,0.00929,0.0969,0.87552,0.84378,0.92186,0.72068,0.86119,0.8107,0.86583,0.64771,0.85663,1.71532,0.2582,0.56117,0.01139,0,0.00200775,0.00066925,0.00200775,0.00066925,0.00200775,0.00066925,0.00200775,0.00066925
379,159003,0.94943,1.91298,0.25172,0.70928,0.00929,0.06992,0.8764,0.8432,0.92196,0.72087,0.86078,0.80987,0.86559,0.64753,0.85692,1.71585,0.2579,0.56091,0.01139,0,0.0019335,0.0006445,0.0019335,0.0006445,0.0019335,0.0006445,0.0019335,0.0006445
380,159427,0.94872,1.89883,0.25153,0.70864,0.00932,0.08259,0.87406,0.84462,0.92208,0.72116,0.85935,0.81045,0.86626,0.64807,0.85677,1.71587,0.25769,0.56104,0.01139,0,0.00185925,0.00061975,0.00185925,0.00061975,0.00185925,0.00061975,0.00185925,0.00061975
381,159851,0.94809,1.89962,0.25071,0.71286,0.0093,0.07739,0.877,0.84415,0.92193,0.72147,0.8592,0.81171,0.86573,0.64778,0.85696,1.71618,0.25753,0.56126,0.01139,0,0.001785,0.000595,0.001785,0.000595,0.001785,0.000595,0.001785,0.000595
382,160274,0.94726,1.89174,0.24988,0.70376,0.00925,0.0492,0.8734,0.8454,0.92191,0.72139,0.85802,0.81344,0.86546,0.64832,0.85764,1.71914,0.25711,0.56174,0.0114,0,0.00171075,0.00057025,0.00171075,0.00057025,0.00171075,0.00057025,0.00171075,0.00057025
383,160698,0.94628,1.88082,0.24966,0.70446,0.00926,0.05984,0.87574,0.84304,0.92197,0.72129,0.86088,0.80956,0.86579,0.64855,0.85731,1.72061,0.25685,0.56221,0.0114,0,0.0016365,0.0005455,0.0016365,0.0005455,0.0016365,0.0005455,0.0016365,0.0005455
384,161122,0.94111,1.86675,0.24908,0.69745,0.00919,0.04598,0.87534,0.84567,0.92208,0.72147,0.86237,0.81203,0.86599,0.64858,0.85777,1.71932,0.25662,0.55995,0.01141,0,0.00156225,0.00052075,0.00156225,0.00052075,0.00156225,0.00052075,0.00156225,0.00052075
385,161546,0.94426,1.88233,0.24941,0.69856,0.00917,0.04939,0.87394,0.84693,0.92201,0.72136,0.85906,0.81502,0.86623,0.64886,0.85684,1.71886,0.25633,0.56229,0.01139,0,0.001488,0.000496,0.001488,0.000496,0.001488,0.000496,0.001488,0.000496
386,161969,0.94122,1.86037,0.24762,0.69771,0.00915,0.04152,0.87678,0.84687,0.92244,0.72164,0.85927,0.8151,0.86629,0.64844,0.85653,1.7196,0.25609,0.5616,0.01139,0,0.00141375,0.00047125,0.00141375,0.00047125,0.00141375,0.00047125,0.00141375,0.00047125
387,162392,0.94164,1.86115,0.24779,0.69574,0.00917,0.03831,0.87991,0.84351,0.92278,0.72221,0.85973,0.8136,0.86625,0.64868,0.8556,1.71975,0.25574,0.56181,0.01136,0,0.0013395,0.0004465,0.0013395,0.0004465,0.0013395,0.0004465,0.0013395,0.0004465
388,162815,0.93809,1.85352,0.247,0.69431,0.00912,0.03471,0.87164,0.84986,0.92221,0.72183,0.85768,0.81644,0.86605,0.64884,0.85491,1.72032,0.25553,0.56295,0.01135,0,0.00126525,0.00042175,0.00126525,0.00042175,0.00126525,0.00042175,0.00126525,0.00042175
389,163238,0.93512,1.83118,0.24595,0.68681,0.0091,0.01926,0.87796,0.84715,0.92226,0.72197,0.857,0.81691,0.86562,0.64921,0.8546,1.72154,0.25519,0.56248,0.01135,0,0.001191,0.000397,0.001191,0.000397,0.001191,0.000397,0.001191,0.000397
390,163661,0.93394,1.82415,0.24609,0.68996,0.00907,0.02256,0.88101,0.84304,0.92211,0.72188,0.8587,0.8147,0.86574,0.64903,0.85412,1.72319,0.25497,0.56323,0.01136,0,0.00111675,0.00037225,0.00111675,0.00037225,0.00111675,0.00037225,0.00111675,0.00037225
391,164088,0.85274,1.37107,0.2428,0.52527,0.00968,0.03229,0.88179,0.84435,0.9224,0.72173,0.85862,0.81558,0.86579,0.64914,0.85434,1.7249,0.25482,0.56266,0.01136,0,0.0010425,0.0003475,0.0010425,0.0003475,0.0010425,0.0003475,0.0010425,0.0003475
392,164510,0.84538,1.34205,0.24094,0.50915,0.00956,0.01962,0.87952,0.84469,0.92245,0.72203,0.85784,0.81659,0.86557,0.64895,0.85371,1.72292,0.2541,0.56397,0.01134,0,0.00096825,0.00032275,0.00096825,0.00032275,0.00096825,0.00032275,0.00096825,0.00032275
393,164931,0.84178,1.32527,0.2395,0.50458,0.00949,0.01992,0.87974,0.84493,0.92254,0.72172,0.86134,0.81268,0.8654,0.64827,0.85438,1.72254,0.25366,0.56278,0.01135,0,0.000894,0.000298,0.000894,0.000298,0.000894,0.000298,0.000894,0.000298
394,165353,0.83594,1.31105,0.23865,0.50218,0.00939,0.01025,0.86981,0.85194,0.92203,0.72114,0.85818,0.81407,0.86469,0.6479,0.85443,1.72368,0.25339,0.56318,0.01133,0,0.00081975,0.00027325,0.00081975,0.00027325,0.00081975,0.00027325,0.00081975,0.00027325
395,165773,0.83317,1.29745,0.23724,0.49633,0.00935,0.0157,0.87041,0.85264,0.92223,0.72133,0.85927,0.81234,0.86483,0.64769,0.85588,1.72458,0.25312,0.56032,0.01135,0,0.0007455,0.0002485,0.0007455,0.0002485,0.0007455,0.0002485,0.0007455,0.0002485
396,166196,0.82988,1.29333,0.23712,0.49803,0.00926,0.01035,0.87443,0.85071,0.92227,0.72114,0.86003,0.81266,0.86439,0.64731,0.856,1.72361,0.25282,0.5598,0.01135,0,0.00067125,0.00022375,0.00067125,0.00022375,0.00067125,0.00022375,0.00067125,0.00022375
397,166618,0.82718,1.28131,0.23604,0.49287,0.00923,0.00853,0.87531,0.85154,0.92273,0.72144,0.85836,0.8157,0.86445,0.64804,0.85679,1.72209,0.25254,0.55838,0.01136,0,0.000597,0.000199,0.000597,0.000199,0.000597,0.000199,0.000597,0.000199
398,167039,0.82469,1.27356,0.23562,0.48711,0.00915,0.01094,0.8738,0.85244,0.92251,0.72148,0.85909,0.81678,0.86509,0.64768,0.85539,1.72385,0.25261,0.55994,0.01134,0,0.00052275,0.00017425,0.00052275,0.00017425,0.00052275,0.00017425,0.00052275,0.00017425
399,167461,0.8198,1.25936,0.23421,0.48402,0.00911,0.00713,0.87393,0.85202,0.92234,0.72138,0.85899,0.81533,0.86433,0.64727,0.85632,1.72491,0.2523,0.56016,0.01135,0,0.0004485,0.0001495,0.0004485,0.0001495,0.0004485,0.0001495,0.0004485,0.0001495
400,167884,0.8183,1.25639,0.23427,0.48389,0.00908,0.00809,0.87323,0.85233,0.92254,0.72165,0.85872,0.81644,0.86485,0.64722,0.85564,1.72705,0.25209,0.56007,0.01134,0,0.00037425,0.00012475,0.00037425,0.00012475,0.00037425,0.00012475,0.00037425,0.00012475
